075155007303,730 BOWL BRUSH TAMPICO BRISTLE,730-48,BIRDWELL CLEANING,
075155008669,866 PASTE BRUSH MASONRY,866-12,BIRDWELL CLEANING,
075155090442,9044 24OZ COTTO SADLEMPHD,9044-12,BIRDWELL CLEANING,
075155090480,9048 #12 COTTON SADDLE MOPHEAD,9048-12,BIRDWELL CLEANING,
075155090497,9049 #16CTN SADL MOPHEAD,9049-12,BIRDWELL CLEANING,
075155090503,9050 #20 COTTON SADDLE MOPHEAD,9050-12,BIRDWELL CLEANING,
075155090510,9051 #24 COTTON SDL MOP HEAD,9051-12,BIRDWELL CLEANING,
041301105629,9052 #32 COTTON SDL MOP HEAD,9052-12,BIRDWELL CLEANING,
075155090527,9052 #32 COTTON SDL MOP HEAD,9052-12,BIRDWELL CLEANING,
075155090695,9069 #24 CTN EZ SCREWON MOPHD,9069-12,BIRDWELL CLEANING,
075155090961,9096B LG LOOP END SADDL MOPHED,9096B-12,BIRDWELL CLEANING,
730398043074,9096B LG LOOP END SADDL MOPHED,9096B-12,BIRDWELL CLEANING,
075155090992,9099B MED LOOPEND MOPHD 5BAND,9099B-12,BIRDWELL CLEANING,
075155091326,9132FM LG FINISH MOP SD,9132FM-12,BIRDWELL CLEANING,
075155093023,9302 TOY MOP,9302-12,BIRDWELL CLEANING,
075155093030,9303 LOBBY BROOM,9303-12,BIRDWELL CLEANING,
075155093047,9304 LOBBY DUSTPAN,9304-6,BIRDWELL CLEANING,
075155095249,9524 5X24SNAPON D/M FRM,9524-12,BIRDWELL CLEANING,
075155096246,9624 #24 COTTON DECK MOP,9624-6,BIRDWELL CLEANING,
608106470149,4700-14 1QT NS ALUM SAUCE PAN,4700-14,UNIWARE,
011120002225,2101\2100 BISSELL ZOOM BROOM SWEEP-UP,2101-2,BISSELL,
011120002164,2201\2200 CARPET SWEEP,2201-2,BISSELL,
011120008104,26506 BISSELL SWEEPER,26506,BISSELL,
011120026504,26506 BISSELL SWEEPER,26506,BISSELL,
011120009354,SHAMPOO KIT BISSELL,935,BISSELL,
074856102201,1002 BIX STRIPPER QUART,1002,BIX MFG CO INC,
123111456541,CWV7230 DUSTBUSTER,CWV7230-BAD,BLACK + DECKER HOUSEWARES,
028877318202,CHV4800/V4810 DUSTBUSTER,CHV4800,BLACK + DECKER HOUSEWARES,
028877488868,CHV4800/V4810 DUSTBUSTER,CHV4800,BLACK + DECKER HOUSEWARES,
028877317359,15097 BD DRILL BIT SET(17PC),15097,BLACK + DECKER,
028877355788,15099 COMBO DRILL BIT SET 8PC,15099,BLACK + DECKER,
028874162709,16270 DEWALT SCREW EXTRACT-5PC,16270,BLACK + DECKER,
028874167308,16730 BD BLT MAS BIT 3 X 1/8,16730,BLACK + DECKER,
028874167315,16731 BD BLT MAS BIT 4 X 3/16,16731,BLACK + DECKER,
028874167322,16732 BD BLT MAS BIT 4 X 1/4,16732,BLACK + DECKER,
028874167339,16733 BD BLT MAS BIT 4 X 5/16,16733,BLACK + DECKER,
028874167346,16734 BD BLT MAS BIT 4 X 3/8,16734,BLACK + DECKER,
028874167353,16735 BD BLT MAS BIT 4 X 1/2,16735,BLACK + DECKER,
028874167391,16739 BD BLT MAS BIT 6 X 1/2,16739,BLACK + DECKER,
028874167407,16740 BD BLT MAS BIT 6 X 5/8,16740,BLACK + DECKER,
028874167445,16744 BD BLT MAS BIT 12 X 3/8,16744,BLACK + DECKER,
028874167452,16745 BD BLT MAS BIT 12 X 1/2,16745,BLACK + DECKER,
028874167469,16746 BD BLT MAS BIT 12 X 5/8,16746,BLACK + DECKER,
028874167476,16747 BD BLT MAS BIT 12 X 3/4,16747,BLACK + DECKER,
028874167483,16748 BD MAS BIT SET 5PC,16748,BLACK + DECKER,
028874169005,16900 BD GLASS/TILE BIT 1/8,16900,BLACK + DECKER,
028874169012,16901 BD GLASS/TILE BIT 3/16,16901,BLACK + DECKER,
028874169029,16902 BD GLASS/TILE BIT 1/4,16902,BLACK + DECKER,
028874169043,16904 BD GLASS/TILE BIT 3/8,16904,BLACK + DECKER,
028874169050,16905 BD GLASS/TILE BIT 1/2,16905,BLACK + DECKER,
028874677371,67-737 BD SAW BLD 71/4 24T,67-737,BLACK + DECKER,
028874701137,70-113 BD WIRE BRUSH,70-113,BLACK + DECKER,
028874701304,70-130 BD WIRE WHEEL,70-130,BLACK + DECKER,
028874701311,70-131 BD WIRE WHEEL,70-131,BLACK + DECKER,
028874701625,70-162 BD WIRE WHEEL,70-162,BLACK + DECKER,
028874711204,71-120 BD HOLE SAW ASSORTMENT,71-120,BLACK + DECKER,
028874714878,71-487 BD FLEXIBLE BIT HOLDER,71-487,BLACK + DECKER,
028877367248,71-922 BD 22PC SCREWDRVR SET,71-922,BLACK + DECKER,
028877412047,71-968 DRILL/SCREW SET 109PC,71-968,BLACK + DECKER,
885911289290,71-968 DRILL/SCREW SET 109PC,71-968,BLACK + DECKER,
028874730472,73-047 BD SAW BLADE 71/4,73-047,BLACK + DECKER,
028874745841,74-584 SANDPAPER MEDIEM PK-5,74-584,BLACK + DECKER,
028874745872,74-587 SANDPAPER ASST PK-15,74-587,BLACK + DECKER,
028877424491,74-671 UNIVERSAL SANDPAPER,74-671,BLACK + DECKER,
028877424507,74-672 UNIVERSAL SANDPAPER,74-672,BLACK + DECKER,
885911281812,74-672 UNIVERSAL SANDPAPER,74-672,BLACK + DECKER,
028877424514,74-673 UNIVERSAL SANDPAPER,74-673,BLACK + DECKER,
028877424521,74-674 UNIVERSAL SANDPAPER,74-674,BLACK + DECKER,
028874752535,75-253 BD JIGSAW BLD,75-253,BLACK + DECKER,
028877470467,79-362 LOCK INSTALL KIT 2-1/8,79-362,BLACK + DECKER,
028877470474,79-368 LOCK INSTALL KIT 2-1/8,79-368,BLACK + DECKER,
028874796997,79-699 RPLCMNT BLD 7696 PLANER,79-699,BLACK + DECKER,
028877427584,D180003 DEWALT DR LOCK INSTALL,D180003,DEWALT,
028877345062,D180012 3/4 HOLESAW,D180012,DEWALT,
028877345093,D180014 7/8 HOLESAW,D180014,DEWALT,
028877345116,D180016 1 IN HOLESAW,D180016,DEWALT,
028877345130,D180018 1-1/8 HOLESAW,D180018,DEWALT,
028877345154,D180020 BI-M HOLESAW,D180020,DEWALT,
028877345178,D180022 1-3/8 HOLESAW,D180022,DEWALT,
028877345192,D180024 1-1/2 HOLESAW,D180024,DEWALT,
028877345215,D180026 1-5/8 HOLE SAW,D180026,DEWALT,
028877345239,D180028 1-3/4 HOLESAW,D180028,DEWALT,
028877345260,D180032 2 IN HOLESAW,D180032,DEWALT,
028877345284,D180034 2-1/8 HOLESAW,D180034,DEWALT,
028877345291,D180036 2-1/4 HOLE SAW,D180036,DEWALT,
028877345307,D180038 2-3/8 HOLE SAW,D180038,DEWALT,
028877345314,D180040 2-1/2 HOLE SAW,D180040,DEWALT,
028877345352,D180044 2-3/4 HOLE SAW,D180044,DEWALT,
028877345567,D180048 3 IN HOLE SAW,D180048,DEWALT,
028877345604,D180056 3-1/2 HOLESAW,D180056,DEWALT,
028877345611,D180058 3-5/8 HOLESAW,D180058,DEWALT,
028877345635,D180064 4 IN HOLE SAW,D180064,DEWALT,
028877345642,D180066 4-1/8 HOLESAW,D180066,DEWALT,
028877345659,D180068 HOLESAW 4-1/4,D180068,DEWALT,
028877345666,D180072 4-1/2 HOLESAW,D180072,DEWALT,
028877345673,D180076 4 3/4 H.D. HOLESAW,D180076,DEWALT,
028877345680,D180080 5 IN HOLESAW,D180080,DEWALT,
028877345956,D180096 HOLE SAW HD 6,D180096,DEWALT,
028877382708,D186012 DEWALT HOLESAW 3/4,D186012,DEWALT,
028877382715,D186014 DEWALT HOLESAW 7/8,D186014,DEWALT,
028877382722,D186016 DEWALT HOLESAW 1,D186016,DEWALT,
028877382739,D186018 DEWALT HOLESAW 1-1/8,D186018,DEWALT,
028877382746,D186020 DEWALT HOLESAW 1-1/4,D186020,DEWALT,
028877382760,D186022 DEWALT HOLESAW 1-3/8,D186022,DEWALT,
028877382777,D186024 DEWALT HOLESAW 1-1/2,D186024,DEWALT,
028877382791,D186028 DEWALT HOLESAW 1-3/4,D186028,DEWALT,
028877382814,D186032 DEWALT HOLESAW 2,D186032,DEWALT,
028877382821,D186034 DEWALT HOLESAW 2-1/8,D186034,DEWALT,
028877382852,D186040 DEWALT HOLESAW 2-1/2,D186040,DEWALT,
028877382876,D186048 DEWALT HOLESAW 3,D186048,DEWALT,
028877382890,D186056 DEWALT HOLESAW 3-1/2,D186056,DEWALT,
028877382913,D186064 DEWALT HOLESAW 4,D186064,DEWALT,
028877382920,D186066 DEWALT HOLESAW 4-1/8,D186066,DEWALT,
028877337463,D5100LG TOOL BELT NYLON L-XL,D5100LG,DEWALT,
028877337470,D5100SM TOOL BELT NYLON SM-MD,D5100SM,DEWALT,
028877337487,D5101LG TOOL BELT LEATHER L-XL,D5101LG,DEWALT,
028877337494,D5101SM TOOL BELT LEATH SM/MD,D5101SM,DEWALT,
028877337500,D5104 TOOL POUCH NYLON,D5104,DEWALT,
028877337524,D5106 NAIL POUCH NYLON,D5106,DEWALT,
028877342092,D5110 FASTENER POUCH NYLON,D5110,DEWALT,
028877337654,D5115LG WORK BELT L-XL,D5115LG,DEWALT,
028877337647,D5115SM WORK BELT SM-MD,D5115SM,DEWALT,
028877342177,D5120 HOLSTER DRILL,D5120,DEWALT,
028877337661,D5124 HAMMER HOLDER NYLON,D5124,DEWALT,
028877342245,D5130 HOLDER TAPE MEASURE NYLN,D5130,DEWALT,
028877348155,D5136 CARPENTER BAG NYLON TRIM,D5136,DEWALT,
028877342252,D6050 TOOL BAG NYLON 17,D6050,DEWALT,
028877337685,D6100 TOOL BAG NYLON 20,D6100,DEWALT,
028874111691,DW1169 PILOT POINT SET 14PC,DW1169,DEWALT,
028874017252,DW1204 1/16 DRILL BIT COBALT,DW1204,DEWALT,
028874017269,DW1205 5/64 DRILL BIT COBALT,DW1205,DEWALT,
885911410731,DW1206 3/32 DRILL BIT COBALT,DW1206,DEWALT,
028874017283,DW1207 7/64 DRILL BIT COBALT,DW1207,DEWALT,
028874017290,DW1208 1/8 DRILL BIT COBALT,DW1208,DEWALT,
885911410755,DW1208 1/8 DRILL BIT COBALT,DW1208,DEWALT,
028874017306,DW1209 9/64 DRILL BIT COBALT,DW1209,DEWALT,
028874017313,DW1210 5/32 DRILL BIT COBALT,DW1210,DEWALT,
028874017320,DW1211  11/64 COBALT BIT,DW1211,DEWALT,
028874017337,DW1212 3/16 DRILL BIT COBALT,DW1212,DEWALT,
028874021266,DW1213 13/64 COBALT BIT,DW1213,DEWALT,
028874017344,DW1214  7/32 COBALT BIT,DW1214,DEWALT,
028874017351,DW1215 15/64 COBALT BIT,DW1215,DEWALT,
028874017368,DW1216 1/4 DRILL BIT COBALT,DW1216,DEWALT,
028874017375,DW1220  5/16 COBALT BIT,DW1220,DEWALT,
028874017382,DW1224 3/8 DRILL BIT COBALT,DW1224,DEWALT,
608781135616,DW1224 3/8 DRILL BIT COBALT,DW1224,DEWALT,
028874017399,DW1228 DEWALT DRILL BIT 7/16,DW1228,DEWALT,
028874017405,DW1232 1/2 COBALT BIT,DW1232,DEWALT,
028874112636,DW1263 DRILL BIT SET CBLT 13PC,DW1263,DEWALT,
885911410861,DW1263 DRILL BIT SET CBLT 13PC,DW1263,DEWALT,
028874017429,DW1304 DEWALT DRILL BIT 1/16,DW1304,DEWALT,
028874017436,DW1305 DEWALT DRILL BIT 5/64,DW1305,DEWALT,
028874017443,DW1306 DEWALT DRILL BIT 3/32,DW1306,DEWALT,
028874017450,DW1307 DEWALT DRILL BIT 7/64,DW1307,DEWALT,
028874017467,DW1308 DEWALT DRILL BIT 1/8,DW1308,DEWALT,
028874017474,DW1309 DEWALT DRILL BIT 9/64,DW1309,DEWALT,
028874017481,DW1310 DEWALT DRILL BIT 5/32,DW1310,DEWALT,
028874017498,DW1311  11/64 TITN. BIT,DW1311,DEWALT,
028874017504,DW1312 DEWALT DRILL BIT 3/16,DW1312,DEWALT,
028874021921,DW1313 13/64 TRITAN DRILL BIT,DW1313,DEWALT,
028874017511,DW1314 7/32 TITN. BIT,DW1314,DEWALT,
028874017528,DW1315 15/64 TITANM DRILL BIT,DW1315,DEWALT,
028874017535,DW1316 DEWALT DRILL BIT 1/4,DW1316,DEWALT,
028874017542,DW1320  TITAM DRILL BIT 5/16,DW1320,DEWALT,
028874017559,DW1324 DEWALT DRILL BIT 3/8,DW1324,DEWALT,
028874013285,DW1328  7/16 TITN BIT,DW1328,DEWALT,
028874017566,DW1332  1/2 TITN BIT,DW1332,DEWALT,
028874113633,DW1363 13 PC TITANIUM SET,DW1363,DEWALT,
028877475578,DW1572 DEWALT SPADE BIT 3/8X6,DW1572,DEWALT,
028877475592,DW1574 DEWALT SPADE BIT 1/2X6,DW1574,DEWALT,
028877475608,DW1575 DEWALT SPADE BIT 9/16X6,DW1575,DEWALT,
028877475615,DW1576 DEWALT SPADE BIT 5/8X6,DW1576,DEWALT,
028877475639,DW1578 DEWALT SPADE BIT 3/4X6,DW1578,DEWALT,
028877475653,DW1580 DEWALT SPADE BIT 7/8X6,DW1580,DEWALT,
028877475660,DW1581 DEWALT SPDE BIT 15/16X6,DW1581,DEWALT,
028877475677,DW1582 DEWALT SPADE BIT 1X6,DW1582,DEWALT,
028877475684,DW1583 DEWALT SPDE BIT-1-1/8X6,DW1583,DEWALT,
028877475691,DW1584 DEWALT SPDE BIT 1-1/4X6,DW1584,DEWALT,
028877475707,DW1585 DEWALT SPDE BIT 1-3/8X6,DW1585,DEWALT,
028877475714,DW1586 DEWALT SPDE BIT 1-1/2X6,DW1586,DEWALT,
028877475721,DW1587 DEWALT SPADE BIT-6PC,DW1587,DEWALT,
028877475738,DW1588 DEWALT SPADE BIT 6EXT,DW1588,DEWALT,
028877475745,DW1589 DEWALT SPDE BIT 12EXT,DW1589,DEWALT,
028877475752,DW1590 DEWALT SPADE BIT 3/8X16,DW1590,DEWALT,
028877475769,DW1591 DEWALT SPADE BIT 1/2X16,DW1591,DEWALT,
028877475776,DW1592 DEWALT SPADE BIT 5/8X16,DW1592,DEWALT,
028877475783,DW1593 DEWALT SPADE BIT 3/4X16,DW1593,DEWALT,
028877475790,DW1594 DEWALT SPADE BIT 7/8X16,DW1594,DEWALT,
028877475806,DW1595 DEWALT SPADE BIT 1/16,DW1595,DEWALT,
028874116023,DW1602 HSS DRILL BIT 1/8X12,DW1602,DEWALT,
028874116047,DW1604 HSS DRILL BIT 3/16X12,DW1604,DEWALT,
028874116061,DW1606 HSS DRILL BIT 1/4X12,DW1606,DEWALT,
028874116085,DW1608 HSS DRILL BIT 5/16X12,DW1608,DEWALT,
028874116108,DW1610 HSS DRILL BIT 3/8X12,DW1610,DEWALT,
028874116122,DW1612 HSS DRILL BIT 7/16X12,DW1612,DEWALT,
028874116146,DW1614 HSS DRILL BIT 1/2X12,DW1614,DEWALT,
028874116207,DW1620 HSS DRILL BIT 9/16-3/8,DW1620,DEWALT,
028874116221,DW1622 HSS DRILL BIT 5/8-3/8SH,DW1622,DEWALT,
028874116238,DW1623 HSS DRILL BIT 11/16-3/8,DW1623,DEWALT,
028874116252,DW1625 HSS DRILL BIT 3/4-3/8SH,DW1625,DEWALT,
028874116276,DW1627 HSS DRILL BIT 7/8-1/2SH,DW1627,DEWALT,
028874116290,DW1629 HSS DRILL BIT 1-1/2SHR,DW1629,DEWALT,
028874116306,DW1630 HD WOOD BIT SELF-FEED 1,DW1630,DEWALT,
028874116313,DW1631 HD WD BIT SELFED 1-1/8,DW1631,DEWALT,
028874116320,DW1632 HD WD BIT SELFED 1-1/4,DW1632,DEWALT,
028874116337,DW1633HD WD BIT SELFED 1-3/8,DW1633,DEWALT,
028874116344,DW1634 HD WD BIT SELFED 1-1/2,DW1634,DEWALT,
028874116351,DW1635 HD WD BIT SELFED 1-3/4,DW1635,DEWALT,
028874116368,DW1636 HD WD BIT SELFED 2,DW1636,DEWALT,
028874116375,DW1637 HD WD BIT SELFED 2-1/8,DW1637,DEWALT,
028874116382,DW1638 HD WD BIT SELFED 2-1/4,DW1638,DEWALT,
028874116399,DW1639 HD WD BIT SELFED 2-9/16,DW1639,DEWALT,
028874116658,DW1665 AUGER BIT PWR SHP 5/8X6,DW1665,DEWALT,
028874116672,DW1667 AUGER BIT PWR SHP 3/4X6,DW1667,DEWALT,
028874116696,DW1669 AUGER BIT PWR SHP 7/8X6,DW1669,DEWALT,
028874316713,DW1671 AUGER BIT PWR SHP 1X6,DW1671,DEWALT,
028874116733,DW1673 AUGER BIT PWRSHP 11/8X6,DW1673,DEWALT,
028874116740,DW1674 AUGER BIT PWRSHP 11/4X6,DW1674,DEWALT,
028874116757,DW1675 AUGER BIT 1-3/8X6,DW1675,DEWALT,
028874116764,DW1676 AUGER BIT 1-1/2X6,DW1676,DEWALT,
028874116818,DW1681 AUGER BIT PWRSHP 5/8X17,DW1681,DEWALT,
028874116832,DW1683 AUGER BIT PWRSHP 3/4X17,DW1683,DEWALT,
028874116856,DW1685 AUGER BIT PWRSHP71/8X17,DW1685,DEWALT,
028874116870,DW1687 AUGER BIT PWR SHP 1X17,DW1687,DEWALT,
028874116900,DW1690 AUGER BIT DRSHP 11/4X17,DW1690,DEWALT,
028874116924,DW1692 AUGER BIT 1-1/2X17,DW1692,DEWALT,
028877463353,DW1704 DEWLT WOOD DRL BIT 3/16,DW17004,DEWALT,
28877463353,DW1704 DEWLT WOOD DRL BIT 3/16,DW17004,DEWALT,
028877463346,DW1702 DEWALT WOOD DRL BIT 1/8,DW1702,DEWALT,
028877463360,DW1706 DEWALT WOOD DRL BIT 1/4,DW1706,DEWALT,
028877463377,DW1708 DEWLT WOOD DRL BIT 5/16,DW1708,DEWALT,
028877463384,DW1710 DEWALT WOOD DRL BIT 3/8,DW1710,DEWALT,
028877463391,DW1714 DEWALT WOOD DRL BIT 1/2,DW1714,DEWALT,
028874021822,DW1800 DEWALT MANDREL 1/4,DW1800,DEWALT,
028874021860,DW1802 DEWALT HOLESAW MANDREL,DW1802,DEWALT,
028874021877,DW1803 DEWALT MANDREL,DW1803,DEWALT,
028874021884,DW1804 DEWALT QUIK CHG MANDREL,DW1804,DEWALT,
028877352503,DW1808 PILOT BIT REPLACE LONG,DW1808,DEWALT,
028874021846,DW1818 MANDREL,DW1818,DEWALT,
028877324159,DW1904 DRILL BIT 1/16,DW1904,DEWALT,
028877302201,DW1905 DRILL BIT 5/64 2PK,DW1905,DEWALT,
028877323282,DW1906 DRILL BIT 3/32 2PK,DW1906,DEWALT,
028877302317,DW1907 DRILL BIT 7/64 2PK,DW1907,DEWALT,
028877302331,DW1908 DRILL BIT 1/8 2PK,DW1908,DEWALT,
028877302485,DW1908B SPLT PNT BIT 1/8 BULK,DW1908B,DEWALT,
028877302348,DW1909 DRILL BIT 9/64 2PK,DW1909,DEWALT,
028877302355,DW1910 DRILL BIT 5/32 2PK,DW1910,DEWALT,
028877302362,DW1911 DRILL BIT 11/64,DW1911,DEWALT,
028877302119,DW1912 DRILL BIT 3/16 PILOT PT,DW1912,DEWALT,
028877302126,DW1913 DRILL BIT 13/64,DW1913,DEWALT,
028877302133,DW1914 DRILL BIT 7/32 PILOT PT,DW1914,DEWALT,
028877302140,DW1915 PILOT POINT BIT 15/64,DW1915,DEWALT,
028877302157,DW1916 DRILL BIT 1/4 PILOT PT,DW1916,DEWALT,
028877323947,DW1917 DRILL BIT 17/64,DW1917,DEWALT,
028877302164,DW1918 DRILL BIT 9/32 PILOT PT,DW1918,DEWALT,
028877323954,DW1919 DRILL BIT 19/64,DW1919,DEWALT,
028877302171,DW1920 DRILL BIT 5/16 PILOT PT,DW1920,DEWALT,
028877323961,DW1921 DRILL BIT 21/64,DW1921,DEWALT,
028877323978,DW1922 DRILL BIT 11/32,DW1922,DEWALT,
028877323985,DW1923 PILOT PNT BIT 23/64,DW1923,DEWALT,
028877302188,DW1924 DRILL BIT 3/8 PILOT PT,DW1924,DEWALT,
028877323992,DW1925 DRILL BIT 25/64,DW1925,DEWALT,
028877324005,DW1926 DRILL BIT 13/32,DW1926,DEWALT,
028877324012,DW1927 PILOT PNT BIT 27/64,DW1927,DEWALT,
028877302195,DW1928 PILOT PNT BIT 7/16,DW1928,DEWALT,
028877324029,DW1929 PILOT PNT BIT 29/64,DW1929,DEWALT,
028877324036,DW1930 DRILL BIT 15/32,DW1930,DEWALT,
028877324043,DW1931 DRILL BIT 31/64,DW1931,DEWALT,
028877302409,DW1932 DRILL BIT 1/2 PILOT PT,DW1932,DEWALT,
028877331089,DW1956 PILOT POINT BIT SET 16P,DW1956,DEWALT,
028877354248,DW1969 PILOT POINT BIT SET 29P,DW1969,DEWALT,
028874020016,DW2001 DEWALT #1 PHPS BIT PK-2,DW2001,DEWALT,
028877312446,DW2001BL PHILLPS BIT TIP #1,DW2001BL,DEWALT,
028874020023,DW2002 #2 PHIL INSERT BIT TOP,DW2002,DEWALT,
028877364988,DW2002B25 BIT TIP#2 PH BX OF25,DW36498,DEWALT,
028877303765,DW2002BL PHILLPS BIT TIP #2,DW2002BL,DEWALT,
028874020030,DW2003 DEWALT PHP INSERT BIT,DW2003,DEWALT,
028877312453,DW2003BL PHILLPS BIT TIP #3,DW2003BL,DEWALT,
028877312460,DW2004BL DRYWALL BIT TIP #2,DW2004BL,DEWALT,
028874020061,DW2006 DEWALT SLT INSERT BIT,DW2006,DEWALT,
028874020085,DW2008 DEWALT SLT INSERT BIT,DW2008,DEWALT,
028874020108,DW2010 INSERT BIT TIP SLOTTED,DW2010,DEWALT,
028877312491,DW2010BL SLOT BIT TIP#10 PK100,DW2010BL,DEWALT,
028874020122,DW2012 #12 SLOTTED BIT TIP 2PK,DW2012,DEWALT,
028877349954,DW2014 SCREW SETTER DRYWALL,DW2014,DEWALT,
028877338361,DW2015 SCREW BIT TIP #6 SL 2,DW2015,DEWALT,
028877338385,DW2017 POWER BIT 2 #10 SLOTTD,DW2017,DEWALT,
028874020214,DW2021 DEWALT #1 PHPS POW BIT,DW2021,DEWALT,
028874020221,DW2022 #2 PHIL POWER BIT,DW2022,DEWALT,
028874620223,DW2022B #2 PHILLIPS BIT,DW2022B,DEWALT,
028874020238,DW2023 DEWALT #3 PHPS PWR BIT,DW2023,DEWALT,
028874020245,DW2024 2-PC 4-TIP DBL END BIT,DW2024,DEWALT,
028874620247,DW2024B #2/#3 DBL END BIT,DW2024B,DEWALT,
028874060173,DW2025 DECK BITS BIT TIP 3 PAC,DW2025,DEWALT,
028874060180,DW2026 DECK BITS POWER BIT 3/P,DW2026,DEWALT,
028874020283,DW2028 DEWALT DE POWER BIT PHE,DW2028,DEWALT,
028874620285,DW2028B #2 DBL END BIT,DW2028B,DEWALT,
028874020290,DW2029 SCREW BIT DBLEND TIP #2,DW2029,DEWALT,
028874020313,DW2031 SCREW BIT 3-1/2 #1,DW2031,DEWALT,
028874020320,DW2032 #2 PHIL 3-1/2 LGTH BIT,DW2032,DEWALT,
028874020337,DW2033 SCREW BIT 3-1/2 #3,DW2033,DEWALT,
028874020405,DW2040 DEWALT INSERT BIT #10,DW2040,DEWALT,
028874020436,DW2043 DEWALT ADJ SCREW SETTER,DW2043,DEWALT,
028874020450,DW2045  3 MAG BIT TIP HOLDER,DW2045,DEWALT,
028874620452,DW2045B MAG TIP HOLDER 3 PK50,DW2045B,DEWALT,
028877318110,DW2046 DEWALT MAGBIT HOLDER 2,DW2046,DEWALT,
028874020504,DW2050 DEWALT MAG BIT HOLDER,DW2050,DEWALT,
028874020535,DW2053 DEWALT DRIVE GUIDE SET,DW2053,DEWALT,
028874020542,DW2054 MAG DRIVE GUIDE RAPIDLD,DW2054,DEWALT,
028874020559,DW2055 6MAG DRIVE GUIDE,DW2055,DEWALT,
028874320550,DW2055B MAG DRIVE GUIDE 6,DW2055B,DEWALT,
960-5692,DW2055B MAG DRIVE GUIDE 6,DW2055B,DEWALT,
028874020610,DW2061 SCREWDRIVER BIT #1PH 6,DW2061,DEWALT,
028874020627,DW2062 #2 PHIL 6 LGTH BIT,DW2062,DEWALT,
028874020634,DW2063 DEWALT #3PH 6 SCRW BIT,DW2063,DEWALT,
028874020658,DW2065 #8-#10 SLOT PWERBIT 6,DW2065,DEWALT,
028877338392,DW2067 TORX BIT SET 7PC,DW2067,DEWALT,
028877338408,DW2068 HEX BIT TIP SET 9 PC,DW2068,DEWALT,
028877338415,DW2069 POZI DIRV BIT SET 3PC,DW2069,DEWALT,
028874020955,DW2095 MAG DRIVE/GUIDE SET,DW2095,DEWALT,
028874021006,DW2100 DEWALT POWER BIT ASST,DW2100,DEWALT,
028874021020,DW2102 8PC BIT TIP SET,DW2102,DEWALT,
028874021051,DW2105 #2 DRYWALL BIT,DW2105,DEWALT,
391134,DW2105CS #2 DRYWALL BIT TIP,DW2105CS,DEWALT,
028874021150,DW2115 5-PC #2 PHIL POWER BITS,DW2115,DEWALT,
028874021259,DW2125 #2 PHPS D/WL TIP 25 PK,DW2125,DEWALT,
028874121607,DW2160 DEWALT S-DRIVER BIT SET,DW2160,DEWALT,
028874121614,DW2161 SCREWDRIVING BIT SET,DW2161,DEWALT,
028874121621,DW2162 INSERT BIT SET 29 PC,DW2162,DEWALT,
028877356365,DW2190 MEDIUM TOUGH CASE,DW2190,DEWALT,
028874022003,DW2200 SQ. INSERT BIT #2,DW2200,DEWALT,
028874022010,DW2201 DEWALT #1 SQ REC BIT,DW2201,DEWALT,
028877312514,DW2201BL SQ RECESS BIT TIP #1,DW2201BL,DEWALT,
028874022027,DW2202 DEWALT #2 SQ REC BIT,DW2202,DEWALT,
028877303772,DW2202BL SQ RECESS BIT TIP #2,DW2202BL,DEWALT,
028874022034,DW2203 DEWALT INSERT BIT #3 SQ,DW2203,DEWALT,
028877365619,DW2204 DEWALT SQ RC BIT TIP #0,DW2204,DEWALT,
028874022119,DW2211 DEWALT POW BIT #1 SQ,DW2211,DEWALT,
028874022126,DW2212 DEWALT POW BIT #2 SQ,DW2212,DEWALT,
028874622128,DW2212B #2SQ RECESS BIT 2 INCH,DW2212B,DEWALT,
028874022133,DW2213 DEWALT POW BIT #3 SQ,DW2213,DEWALT,
028874122154,DW2215 DBLEND REC BIT #2PH/2SQ,DW2215,DEWALT,
028874022188,DW2218IR 1/4X1-7/8 M NUTDRV IR,DW2218IR,DEWALT,
885911026413,DW2218IR 1/4X1-7/8 M NUTDRV IR,DW2218IR,DEWALT,
028874022195,DW2219 DEWALT NUTSETTER 5/16,DW2219,DEWALT,
028874022201,DW2220  3/8X1/2 MAG SOCKET,DW2220,DEWALT,
028874062894,DW2221 1/4X2- 9/16MAG SCK DR,DW2221,DEWALT,
028874622210,DW2221B MAG SCKT DRIVER 1/4,DW2221B,DEWALT,
028874062900,DW2222 5/16X2-9/16MAG SCK DR,DW2222,DEWALT,
028874622227,DW2222B MAG SCKT DRIVER,DW2222B,DEWALT,
028874062917,DW2223 3/8X2-9/16MAG SCK DRV,DW2223,DEWALT,
028874622234,DW2223B MAG SCKT DRV 3/8,DW2223B,DEWALT,
028877338422,DW2224 NUTDRIVER SET 3PC,DW2224,DEWALT,
028877307701,DW2225 ACCOUS/EYE LAG DRIVER,DW2225,DEWALT,
028874022324,DW2232 BIT #2 SQ RECESS 3-1/2,DW2232,DEWALT,
028874022621,DW2262 BIT #2 SQ RECESS BIT 6,DW2262,DEWALT,
028874002319,DW2301 1/4X3/8 CHK. KEY,DW2301,DEWALT,
028874023031,DW2303  1/4X3/8 CHK. KEY,DW2303,DEWALT,
028874023048,DW2304  1/2 CHUCK KEY,DW2304,DEWALT,
028874023505,DW2350 DEWALT KEYLESS CHUCK,DW2350,DEWALT,
028874025059,DW2505 HOLDER RAPID LOAD,DW2505,DEWALT,
028877337067,DW2506CS RL SCREWDRIVER BIT ST,DW2506CS,DEWALT,
028877357348,DW2513 RAPID LOAD SET 15PC,DW2513,DEWALT,
028877337081,DW2518 RAPID LOAD SET 30PC,DW2518,DEWALT,
028874025356,DW2535 SET CNTSINK 3PC RAPIDLD,DW2535,DEWALT,
028874025417,DW2541 SOCKET ADAPTER 1/4 RPD,DW2541,DEWALT,
028874025424,DW2542 SOCKET ADAPTER 3/8 RPD,DW2542,DEWALT,
028874025516,DW2551 6PC DRILL BIT SET HEXSH,DW2551,DEWALT,
028874025523,DW2552 DRILLBIT HEX 1/16 RPDLD,DW2552,DEWALT,
028874025530,DW2553 DRILLBIT HEX 3/32RPDLD,DW2553,DEWALT,
028874025547,DW2554 DRILLBIT HEX 1/8 RPDLD,DW2554,DEWALT,
028874025554,DW2555 DRILLBIT HEX 5/32 RPDLD,DW2555,DEWALT,
028874025561,DW2556 DRILLBIT HEX 3/16 RPDLD,DW2556,DEWALT,
028874025578,DW2557 DRILLBIT 1/4 HEX SHANK,DW2557,DEWALT,
028874025677,DW2567 DRILLBIT CNTSINK #6 RPD,DW2567,DEWALT,
028874025684,DW2568 DRILLBIT #8 CNTRSINK,DW2568,DEWALT,
028874025691,DW2569 DRILL BIT CNTSINK #10,DW2569,DEWALT,
028874025707,DW2570 DRILLBIT CNTRSINK #12,DW2570,DEWALT,
028874025714,DW2571 MASONRY BIT SET 3PC RPD,DW2571,DEWALT,
028874025721,DW2572 DRILL BIT MAS 5/32 RPD,DW2572,DEWALT,
028874025738,DW2573 DRILL BIT MAS 3/16 RPD,DW2573,DEWALT,
028874025745,DW2574 DRILL BIT MAS 1/4 RAPD,DW2574,DEWALT,
028874026025,DW2602 DEWALT PH SQ BIT TIP #2,DW2602,DEWALT,
028877319322,DW2700 #6 DRILL/DRIVE,DW2700,DEWALT,
028877319339,DW2701 #8 DRILL/DRIVE,DW2701,DEWALT,
028877319346,DW2702 DRILL/DRIVE #10,DW2702,DEWALT,
028877319353,DW2710 DRILL BIT/CNTRSINK #6,DW2710,DEWALT,
028877319360,DW2711 DRILL BIT/CNTRSINK #8,DW2711,DEWALT,
028877319377,DW2712 DRILL BIT/CNTRSINK #10,DW2712,DEWALT,
028877319384,DW2720 #6 REPLACEMENT BIT,DW2720,DEWALT,
028877319391,DW2721 #8 REPLACEMENT BIT,DW2721,DEWALT,
028877319407,DW2722 #10 REPLACEMENT BIT,DW2722,DEWALT,
028877319414,DW2730 DRILL DRIVE SET 8PC,DW2730,DEWALT,
028877319421,DW2735 DRILL DRIVE SET 12PC,DW2735,DEWALT,
028874031036,DW3103 DEWALT CIR SAW BLADE 10,DW3103,DEWALT,
028874031067,DW3106 DEWALT SAW BLADE 10,DW3106,DEWALT,
028877308937,DW3106P5 10 COMBO PAC,DW3106P5,DEWALT,
028874031128,DW3112 SAW BLADE 24TH 10,DW3112,DEWALT,
028874031234,DW3123 DEWALT SAW BLADE 12IN,DW3123,DEWALT,
028874031289,DW3128 DEWALT SAW BLADE 12,DW3128,DEWALT,
028877308944,DW3128P5 12 COMBOPAC,DW3128P5,DEWALT,
028874031616,DW3161 CARBIDE BLADE 6 1/2IN,DW3161,DEWALT,
028874031746,DW3174 DECK BLADE 7 1/4,DW3174,DEWALT,
028874031760,DW3176 DEWALT SAW BLADE 7-1/4,DW3176,DEWALT,
028874031784,DW3178 FRAMERS BLADE 24T 7.25,DW3178,DEWALT,
028874031821,DW3182 DEWALT SAW BLADE 8-1/4,DW3182,DEWALT,
028874031845,DW3184 DEWALT SAW BLADE 8-1/4,DW3184,DEWALT,
028874031913,DW3191 SAW BLADE 7-1/4 18T,DW3191,DEWALT,
028877322001,DW3192 DEWALT SAW BLADE 7-1/4,DW3192,DEWALT,
028877320618,DW3193 HARDIPLANK BLADE 7-1/4,DW3193,DEWALT,
028877316628,DW3215TK ATB CROSCUT 10 60T,DW3215TK,DEWALT,
028874032187,DW3218 SAW BLADE FINE CUT 10IN,DW3218,DEWALT,
028877316635,DW3218TK ATB CROSCUT 10 80T,DW3218TK,DEWALT,
028874032323,DW3232 SAW BLADE ATB 12 80TH,DW3232,DEWALT,
028877316642,DW3232TK ATB CROSCUT 12 80T,DW3232TK,DEWALT,
028874032781,DW3278 RIP FENCE,DW3278,DEWALT,
028874033108,DW3310 SAW BLADE 6-1/2,DW3310,DEWALT,
028874033238,DW3323 DEWALT 7-1/4 COMBO BLD,DW3323,DEWALT,
028874033245,DW3324 DEWALT 7-1/4 CRSSUT BLD,DW3324,DEWALT,
028874033252,DW3325 DEWALT 7-1/4 COMBO BLD,DW3325,DEWALT,
028874033269,DW3326 DEWALT 7-1/4 PLYWD BLD,DW3326,DEWALT,
028874033276,DW3327 DEWALT 7-1/4 PLANER BL,DW3327,DEWALT,
028874033290,DW3329 STEEL NF BLD 7-1/4 68T,DW3329,DEWALT,
028874033306,DW3330 IRON/STEL SAW BLD 7-1/4,DW3330,DEWALT,
028874033320,DW3332 DEWALT CIR SAW BLADE,DW3332,DEWALT,
028874033504,DW3350 COMBO SAW BLD 8-1/4,DW3350,DEWALT,
028874033702,DW3370 STEEL BLADE 10IN,DW3370,DEWALT,
028874033726,DW3372 DEWALT PLANER BLD1080T,DW3372,DEWALT,
028874034112,DW3411 ABRASIVE BLADE METAL 7,DW3411,DEWALT,
028874034129,DW3412 DEWALT METAL CUT BLD 8,DW3412,DEWALT,
028874034211,DW3421 ABRASIVE BLADE MAS.7,DW3421,DEWALT,
028874034228,DW3422 DEWALT MASON CUT BLD 8,DW3422,DEWALT,
028874035119,DW3511 DEWALT METAL CUT BLD 7,DW3511,DEWALT,
028874035218,DW3521 DEWALT MASONRY BLADE 7,DW3521,DEWALT,
028874035232,DW3523 DEWALT SAW BLADE 7-1/4,DW3523,DEWALT,
028874035249,DW3524 DEWALT SAW BLADE 7-1/4,DW3524,DEWALT,
028874035263,DW3526 DEWALT SAW BLADE 7-1/4,DW3526,DEWALT,
028877321417,DW3532 8X1/8 CNCRT ABRA BLD,DW3532,DEWALT,
028874035713,DW3571 DEWALT SAW BLADE 7-1/4,DW3571,DEWALT,
028874035768,DW3576B10 DEWALT CIR SAW BLADE,DW3576B10,DEWALT,
028874035782,DW3578B10 SAW BLADE 71/4 24T,DW3578B10,DEWALT,
028874035911,DW3591B10 ROCK CARBIDE BLADE,DW3591B10,DEWALT,
028874035928,DW3592B10 DEWALT BLADE 7-1/4,DW3592B10,DEWALT,
028877314723,DW3700-5 JIG-SAW BLD 6 TPI 5PK,DW3700-5,DEWALT,
028874537002,DW3700H JIG SAW BLD 4 6TPI,DW3700H,DEWALT,
028877314754,DW3701-5 DEWALT COBALT JIG BLD,DW3701-5,DEWALT,
028877314761,DW3703-5 COBALT JIGSAW BLD 5PK,DW3703-5,DEWALT,
028874537033,DW3703H JIG SAW BLD 4 6TPI,DW3703H,DEWALT,
028877314785,DW3705-5 JIG SAW BLD 4 8TPI,DW3705-5,DEWALT,
028877323244,DW3705H JIG SAW BLD 4 8TPI,DW3705H,DEWALT,
028877314792,DW3710-5 COBALT JIGSAW BLD 5PK,DW3710-5,DEWALT,
028874537101,DW3710H JIG SAW BLD 4 10TPI,DW3710H,DEWALT,
028877314914,DW3712-5 COBALT JIGSAW BLD 5PK,DW3712-5,DEWALT,
028874537125,DW3712H JIG SAW BLD 4 10TPI,DW3712H,DEWALT,
028877314938,DW3715-5 JIG SAW BLADE COPING,DW3715-5,DEWALT,
028874537156,DW3715H JIG SAW BLD 3 12TPI,DW3715H,DEWALT,
028877314969,DW3720-5 COBALT JIGSAW BLD 5PK,DW3720-5,DEWALT,
028877314983,DW3724-5 COBALT JIGSAW BLD 5PK,DW3724-5,DEWALT,
028877315911,DW3726-5 COBALT JIGSAW BLD 5PK,DW3726-5,DEWALT,
028877315935,DW3728-5 JIG SAW BLD 3 36TPI,DW3728-5,DEWALT,
028877315959,DW3750-5 JIGSAW BLADE WOOD 5PK,DW-3750-5,DEWALT,
028874437500,DW3750H JIGSAW BLADE WOODCUTTN,DW3750H,DEWALT,
028877315980,DW3753-5 JIGSAW BLADE WOOD 5PK,DW3753-5,DEWALT,
028874437531,DW3753H JIGSAW BLADE WOODCUTNG,DW3753H,DEWALT,
028874437555,DW3755H 4 8TPI ALUM-FIBR 5-PK,DW3755H,DEWALT,
028877316017,DW3760-5 JIGSAW BLADE WOOD 5PK,DW3760-5,DEWALT,
028874537606,DW3760H JIGSAW BLADE WOODCUTNG,DW3760H,DEWALT,
028877316031,DW3762-5 JIGSAW BLADE WOOD 5PK,DW3762-5,DEWALT,
028874437623,DW3762H JIGSAW BLADE WOODCUTNG,DW3762H,DEWALT,
028877316055,DW3765-5 JIGSAW BLADE COPE 5PK,DW3765-5,DEWALT,
028874437654,DW3765H JIGSAW BLADE COPING5PK,DW3765H,DEWALT,
028877316086,DW3770-5 COBALT JIGSAW BLD 5PK,DW3770-5,DEWALT,
028877316109,DW3774-5 COBALT JIGSAW BLD 5PK,DW3774-5,DEWALT,
028877316123,DW3776-5 3 24TPI THIN-MET 5PK,DW3776-5,DEWALT,
028877316147,DW3778-5 3 36TPI SHET-MET 5PK,DW3778-5,DEWALT,
028874037908,DW3790 8PC COBALT JIGSAW BLADE,DW3790,DEWALT,
028874037915,DW3791 8PC COBALT JIG SAW SET,DW3791,DEWALT,
028874137929,DW3792H DEWALT J-SAW BLADE SET,DW3792H,DEWALT,
028874037991,DW3799 25 PC JIGSAW BLADE SET,DW3799,DEWALT,
028874060753,DW4122 DEWALT 1/4 SHT SND PAPR,DW4122,DEWALT,
028874060760,DW4124 DEWALT SANDPAPER,DW4124,DEWALT,
028874060777,DW4126 DEWALT SANDPAPER PK-5,DW4126,DEWALT,
028874060784,DW4128 DEWALT SANDPAPER,DW4128,DEWALT,
028874060876,DW4212 DEWALT SAND BELT 50G,DW4212,DEWALT,
028874060883,DW4214 DEWALT SAND BELT 80G,DW4214,DEWALT,
028874060890,DW4216 DEWALT SANDING BELT 3,DW4216,DEWALT,
028874043015,DW4301 SANDPAPER DISC PK5 80G,DW4301,DEWALT,
028874043039,DW4303 SANDPAPER DISC PK5 120G,DW4303,DEWALT,
028874043046,DW4304 SANDPAPER DISC PK5 150G,DW4304,DEWALT,
028874043060,DW4306 SANDPAPER DISC PK5 220G,DW4306,DEWALT,
028874043077,DW4307 SANDPAPER DISC ASSORTED,DW4307,DEWALT,
028874043312,DW4331 DEWALT SANDPAPER,DW4331,DEWALT,
028874043336,DW4333 6 DEWALT SANDPAPER,DW4333,DEWALT,
028874043343,DW4334 DEWALT SANDPAPER PK-5,DW4334,DEWALT,
028874043886,DW4388 5 DEWALT SANDPAPER,DW4388,DEWALT,
028874044180,DW4418 4X1/8X5/8 METAL DCW,DW4418,DEWALT,
028874044197,DW4419 ABRASIVE BLADE METAL 4,DW4419,DEWALT,
028874044289,DW4428 MSN GRD WHL 4-1/2X1/8,DW4428,DEWALT,
028874044296,DW4429 ABRASIVE BLADE MAS 4,DW4429,DEWALT,
028874044326,DW4432 4X5/8 36 GRIT DISC,DW4432,DEWALT,
028874044333,DW4433  4X5/8 60 GRIT DISC,DW4433,DEWALT,
028874044395,DW4439 DEWALT ABR DISC 4IN,DW4439,DEWALT,
028874045149,DW4514 DCW METAL WHEEL 4-1/2IN,DW4514,DEWALT,
028874045187,DW4518 DCW METAL WHEEL 4-1/2IN,DW4518,DEWALT,
028874045224,DW4522 MTL CUT WHL 4-1/2X1/8,DW4522,DEWALT,
028877321851,DW4522 MTL CUT WHL 4-1/2X1/8,DW4522,DEWALT,
028874045231,DW4523 MTL GRD WHL 4-1/2X1/4,DW4523,DEWALT,
028874045248,DW4524 DEWALT DCW MSNRY BLD,DW4524,DEWALT,
028874045286,DW4528 DEWALT DCW MSNRY BLD,DW4528,DEWALT,
028874045323,DW4532 DEWALT ABR DISC 4-1/2IN,DW4532,DEWALT,
028874045330,DW4533 DEWALT ABR DISC 4-1/2,DW4533,DEWALT,
028874045347,DW4534 4-1/2X7/8FBR DSC 24GR,DW4534,DEWALT,
028874045354,DW4535 4-1/2X7/8FBR DSC 36GR,DW4535,DEWALT,
028874045361,DW4536 DEWALT ABR DISC 4-1/2,DW4536,DEWALT,
028874045378,DW4537 4-1/2X7/8 FBR DSC 80GR,DW4537,DEWALT,
028874045385,DW4538 DEWALT ABR DISC 4-1/2,DW4538,DEWALT,
028874045392,DW4539 4-1/2X7/8FBR DSC 80GR,DW4539,DEWALT,
028874061002,DW4700 DIAMOND BLADE 4IN,DW4700,DEWALT,
028874061019,DW4701 DIAMOND BLADE 4-1/2IN,DW4701,DEWALT,
028874061026,DW4702 7 DRY CUT DIAMOND WHEE,DW4702,DEWALT,
028874061033,DW4703 8 DRY CUT DIAMOND WHEL,DW4703,DEWALT,
028874047112,DW4711 DIAMOND BLADE 4 SGMNTL,DW4711,DEWALT,
028874047129,DW4712 DWALT HIGH PERF BLADE,DW4712,DEWALT,
028874247123,DW4712B HIGH PERF ARA BLD 7,DW4712B,DEWALT,
028874047136,DW4713 DIAMOND BLADE 4-1/2IN,DW4713,DEWALT,
028874047143,DW4714 SGMNTL DIAMND BLD 7,DW4714,DEWALT,
028874047198,DW4719 7X1/4X7/8GEN GRD WHL,DW4719,DEWALT,
028877328874,DW4724 DEWALT MSNRY BLADE 4,DW4724,DEWALT,
028874047242,DW4724B HIGH PERFORMANC BLD 4,DW4724B,DEWALT,
028874047259,DW4725B HIGH PERFRM BLD 4 1/2,DW4725B,DEWALT,
028877468969,DW4770 5/8X11 CUP GRINDER,DW4770,DEWALT,
028877468976,DW4772 5/8X11 HVYDUTY GRINDER,DW4772,DEWALT,
028874048010,DW4801 DEWALT RECIP BLD 6,DW4801,DEWALT,
028874048027,DW4802 DEWALT RECIP BLD 6,DW4802,DEWALT,
028874248021,DW4802-2 DEWALT RECP BLD 6,DW4802-2,DEWALT,
028874148024,DW4802B25 RECIP BLD 6,DW4802B25,DEWALT,
028874048034,DW4803 DEWALT RECIP BLD 9,DW4803,DEWALT,
028874148031,DW4803B25 RECIP BLD 9,DW4803B25,DEWALT,
028874448032,DW4803B25 RECIP BLD 9,DW4803B25,DEWALT,
028874048041,DW4804 DEWALT RECIP BLD 12,DW4804,DEWALT,
028874248045,DW4804-2 DEWALT RECP BLD 12,DW4804-2,DEWALT,
028874348042,DW4804B25 RECIP BLD 6T12,DW4804B25,DEWALT,
028874048065,DW4806 DEWALT RECIP BLD 6,DW4806,DEWALT,
028874248069,DW4806-2 DEWALT RECP BLD 6,DW4806-2,DEWALT,
028874348066,DW4806B25 RECIP BLD 10T6,DW4806B25,DEWALT,
028874048072,DW4807 DEWALT RECIP BLD 4,DW4807,DEWALT,
028874048089,DW4808 DEWALT RECIP BLD 6,DW4808,DEWALT,
028874248083,DW4808-2 DEWALT RECP BLD 6,DW4808-2,DEWALT,
028874348080,DW4808B25 RECIP BLD 14T6,DW4808B25,DEWALT,
028874048096,DW4809 RECIPRO BLADE 8 14 TPI,DW4809,DEWALT,
028874348097,BLADE RECIP SAW MTL 8IN 14TPI,DW4809B25,DEWALT,
028874048102,DW4810 DEWALT RECIP BLD 4,DW4810,DEWALT,
028874248106,DW4810-2 DEWALT RECP BLD 4,DW4810-2,DEWALT,
028874048119,DW4811 DEWALT RECIP BLD 6,DW4811,DEWALT,
028874248113,DW4811-2 DEWALT RECP BLD 6,DW4811-2,DEWALT,
008925098485,DW4811B25 RECIP BLD 6,DW4811B25,DEWALT,
028874348110,DW4811B25 RECIP BLD 6,DW4811B25,DEWALT,
028874048126,DW4812 DEWALT RECIP BLD 4,DW4812,DEWALT,
028874048133,DW4813 DEWALT RECIP BLD 6,DW4813,DEWALT,
028874248137,DW4813-2 DEWALT RECP BLD 6,DW4813-2,DEWALT,
028874348134,DW4813B25 RECIP BLD 24T6,DW4813B25,DEWALT,
028874048140,DW4814 DEWALT RECIP BLD 31/2,DW4814,DEWALT,
028874048157,DW4815 DEWALT RECIP BLD 31/2,DW4815,DEWALT,
028874048164,DW4816 RECIP BLD 6T6 PK25,DW4816,DEWALT,
028874048218,DW4821 RECIPRO BLADE 8 18 TPI,DW4821,DEWALT,
028877338248,DW4821 RECIPRO BLADE 8 18 TPI,DW4821,DEWALT,
206315,DW4821 RECIPRO BLADE 8 18 TPI,DW4821,DEWALT,
028874048447,DW4844 DEWALT RECIP BLD 6,DW4844,DEWALT,
028874048454,DW4845 DEWALT RECIP BLD 6,DW4845,DEWALT,
028877338255,DW4845 DEWALT RECIP BLD 6,DW4845,DEWALT,
028874248458,DW4845-2 DEWALT RECP BLD 6,DW4845-2,DEWALT,
028874048461,DW4846 DEWALT RECIP BLD 8,DW4846,DEWALT,
028874048478,DW4847 DEWALT RECIP BLD 6,DW4847,DEWALT,
028874248472,DW4847-2 DEWALT RECP BLD 6,DW4847-2,DEWALT,
028874048485,DW4848 RECIP BLADE 9,DW4848,DEWALT,
028874048492,DW4849 RECIP BLADE 12,DW4849,DEWALT,
028874048508,DW4850 DEWALT RECIP BLD 6,DW4850,DEWALT,
028874048515,DW4851 DEWALT RECIP BLD 6,DW4851,DEWALT,
028874048539,DW4853 DEWALT RECIP BLD 3PC ST,DW4853,DEWALT,
028874048560,DW4856 DEWALT RECIP BLD 6PC ST,DW4856,DEWALT,
028874048621,DW4862 RECIPRO BLADE 6 6 TPI,DW4862,DEWALT,
028874048638,DW4863 RECIPRO BLADE 8 6 TPI,DW4863,DEWALT,
028874048645,DW4864 RECIP BLADE 6 10/14TPI,DW4864,DEWALT,
028874048652,DW4865 RECIP BLADE 9 10/14TPI,DW4865,DEWALT,
028877365039,DW4865 RECIP BLADE 9 10/14TPI,DW4865,DEWALT,
028874048676,DW4867 DEWALT REC SAW BLADE 6,DW4867,DEWALT,
028874048683,DW4868 RECIP BLADE 8 14 TPI,DW4868,DEWALT,
028877428178,DW4890 DEWALT RECIP SAW BLADE,DW4890,DEWALT,
028874049000,DW4900 DEWALT SPINDLE ADAPTER,DW4900,DEWALT,
028874049109,DW4910 DEWALT CUP BRUSH,DW4910,DEWALT,
028874049154,DW4915 3X M10 X R25 CUP BRUSH,DW4915,DEWALT,
028874049208,DW4920  3X5/8 11 CUP BRUSH,DW4920,DEWALT,
028874049307,DW4930 DEWALT WIRE WHEEL,DW4930,DEWALT,
028874049352,DW4935 WIRE WHEEL BRUSH 4IN,DW4935,DEWALT,
028874049406,DW4940 DEWALT BACKING PAD 4IN,DW4940,DEWALT,
028874049451,DW4945 DEWALT BACKING PAD,DW4945,DEWALT,
028874049994,DW4999 ABRASIVE WHEEL 7 DCW,DW4999,DEWALT,
028874052048,DW5204 PERC MAS BIT SET 4PC,DW5204,DEWALT,
028874052079,DW5207 PERC BIT SET 7PC PREM,DW5207,DEWALT,
028874052215,DW5221 MSNRY DRILL BIT 1/8X3,DW5221,DEWALT,
028874052222,DW5222 MSNRY DRILL BIT 3/16X3,DW5222,DEWALT,
028874052239,DW5223 MSNRY DRILL BIT 3/16X6,DW5223,DEWALT,
885911279123,DW5223 MSNRY DRILL BIT 3/16X6,DW5223,DEWALT,
028874052246,DW5224 MSNRY DRILL BIT 1/4X4,DW5224,DEWALT,
028874052253,DW5225 MSNRY DRILL BIT 1/4X6,DW5225,DEWALT,
028874052260,DW5226 1/4X12 PREM PERC BIT,DW5226,DEWALT,
028874052277,DW5227 MSNRY DRILL BIT 5/32X5,DW5227,DEWALT,
028874052284,DW5228 MSNRY DRILL BIT 5/16X6,DW5228,DEWALT,
028874052291,DW5229 5/16X12 PRCUS DRL BIT,DW5229,DEWALT,
028874052307,DW5230 MSNRY DRILL BIT 3/8X6,DW5230,DEWALT,
028874052314,DW5231 MSNRY DRILL BIT 3/8X12,DW5231,DEWALT,
028874052345,DW5234 MSNRY DRILL BIT 7/16X6,DW5234,DEWALT,
028874052352,DW5235 MSNRY DRILL BIT 1/2X6,DW5235,DEWALT,
028874052369,DW5236 MASONRY DRILL BIT1/2X12,DW5236,DEWALT,
028874052413,DW5241 MASONRY DRILL BIT 5/8X6,DW5241,DEWALT,
028874052420,DW5242 5/8X12PREM PERC BIT,DW5242,DEWALT,
028874052444,DW5244 3/4X6 PERC BIT,DW5244,DEWALT,
028874052451,DW5245 3/4X12 PERC BIT PREM,DW5245,DEWALT,
028874052499,DW5249 MASONRY DRILL BIT1/2X12,DW5249,DEWALT,
028874053489,DW5348 SDS CHISEL 10 BULL PNT,DW5348,DEWALT,
028874053496,DW5349 SDS CHISEL 8 SCALING,DW5349,DEWALT,
028874053502,DW5350 SDS CHISEL 10 COLD,DW5350,DEWALT,
028874054011,DW5401 MASONRY BIT SDS 5/32,DW5401,DEWALT,
028874054028,DW5402 SDS BIT 3/16X2X4,DW5402,DEWALT,
028874054035,DW5403 MASONRY BIT SDS 3/16,DW5403,DEWALT,
028874054165,DW5416 DEWALT HMMR BIT 1/4X2X4,DW5416,DEWALT,
028874054172,DW5417 MASONRY BIT SDS 1/4X6,DW5417,DEWALT,
028874054189,DW5418 SDS BIT 1/4X6X8-1/2,DW5418,DEWALT,
028874054240,DW5424 SDST BIT 5/16X4X6,DW5424,DEWALT,
028874054271,DW5427 MASONRY BIT SDS 3/8X6,DW5427,DEWALT,
028874054301,DW5430 MASONRY BIT SDS 3/8X12,DW5430,DEWALT,
028874054370,DW5437 MASONRY BIT SDS 1/2X6,DW5437,DEWALT,
028874054394,DW5439 MASONRY BIT SDS 1/2X12,DW5439,DEWALT,
028874054462,DW5446 MASONRY BIT SDS,DW5446,DEWALT,
028874054479,DW5447 MASONRY BIT SDS 5/8X12,DW5447,DEWALT,
028874054530,DW5453 SDS BIT 3/4X6,DW5453,DEWALT,
028874054707,DW5470 SDS HAMMER BIT SET 5PC,DW5470,DEWALT,
028874066014,DW6601 DRYWALL CUTOUT BIT 2-FL,DW6601,DEWALT,
028874066038,DW6603 DRYWALL CUTOUT BIT 3-FL,DW6603,DEWALT,
028874066052,DW6605 DRYWALL GUIDE POINT BIT,DW6605,DEWALT,
028874066090,DW6609 WINDOW  DOOR CUTER 1/4,DW6609,DEWALT,
028874066113,DW6611 BURR BIT CARBIDE 1/8,DW6611,DEWALT,
028874066137,DW6613 BURR BIT CARBIDE 1/4,DW6613,DEWALT,
028875066549,DW6654 BLADE CARBIDE 3-1/4,DW6654,DEWALT,
028876068009,DW6800 NO. 0 JOINING BISCUITS,DW6800,DEWALT,
028876068054,DW6805 4 6TH JOINER BLADE,DW6805,DEWALT,
028876068108,DW6810 #10 JOINING BSCUT,DW6810,DEWALT,
028876006827,DW6820 #20 JOINING BISCUT,DW6820,DEWALT,
028874071506,DW7150 10 ATBR COMBO BLADE,DW7150,DEWALT,
028877316611,DW7150TK ATB/R COMBO 10 50T,DW7150TK,DEWALT,
028877316659,DW7296TK COATED ATB BD 12 96T,DW7296TK,DEWALT,
028877426631,DW7648/DW3231 BLADE 12 60TH,DW7648,DEWALT,
028877426648,DW7649 FINE CROSSCUT BLADE,DW7649,DEWALT,
028877426747,DW7658/DW3224 BLADE 12 48TH,DW7658,DEWALT,
028877345383,DW7763 MTL CUTTING BLADE 6-3/4,DW7763,DEWALT,
028874080010,DW8001 DEWALT CHOPSAW WHL 14,DW8001,DEWALT,
028874080041,DW8004 DEWALT CHOP SAW WHEEL,DW8004,DEWALT,
028877321547,DW8026 12X 1/8 CNCRT ABR BLD,DW8026,DEWALT,
028877321608,DW8062 DEWALT CUT WHEEL 4-1/2,DW8062,DEWALT,
028877310411,DW8302 60 GRIT FLAP WHL 4X7/8,DW8302,DEWALT,
028877310435,DW8306 36 GR FLP WHL 4-1/2X7/8,DW8306,DEWALT,
028877310442,DW8308 60 GRT FLPWHL 4-1/2X7/8,DW8308,DEWALT,
028877310459,DW8309 80 GRT FLPWHL 4-1/2X7/8,DW8309,DEWALT,
028877310466,DW8310 120GRT FLPWHL 4-1/2X7/8,DW8310,DEWALT,
028877310480,DW8312 60GRT FLPWHL 4-1/2X5/8,DW8312,DEWALT,
028877310497,DW8313 80GRT FLPWHL 4-1/2X5/8,DW8313,DEWALT,
028877310510,DW8317 60 GRIT FLAP WHL 5X7/8,DW8317,DEWALT,
028877310541,DW8323 60 GRIT FLAP WHL 7X7/8,DW8323,DEWALT,
028877310589,DW8329 60 GRIT FLAP WHL 7X5/8,DW8329,DEWALT,
028877321790,DW8420 4X5/8 DEPR CENTER WHEEL,DW8420,DEWALT,
028877321806,DW8424 4-1/2X5/8 DEPR CNR WHEL,DW8424,DEWALT,
028874090521,DW9052 DEWALT CIRC BLD 5-3/8,DW9052,DEWALT,
028874090538,DW9053 DEWALT CIRC BLD 5-3/8,DW9053,DEWALT,
028874090545,DW9054 TRIM SAW BLADE 5-3/8IN,DW9054,DEWALT,
028874090552,DW9055 FRAME CIR SAW BLD 53/8,DW9055,DEWALT,
028877458632,DW9058 DEWALT CMBO BLADE 5-3/8,DW9058,DEWALT,
028874090590,DW9059C5 DEWALT CIRC BLD ASST,DW9059C5,DEWALT,
028877311036,DW9152 CARBIDE BLADE 6-1/2 36T,DW9152,DEWALT,
028877435954,DW9153 STEEL BLADE 6 1/2 90TH,DW9153,DEWALT,
028877311029,DW9154 CARBIDE BLADE 6-1/2 24T,DW9154,DEWALT,
028877311012,DW9155 SAW BLADE 6-1/2 INCH,DW9155,DEWALT,
028877311043,DW9158 COMBO BL PK 6-1/2 16/24,DW9158,DEWALT,
028874013025,U1302 BD BACKING PAD 5IN,U1302,BLACK + DECKER,
028874015081,U1508 BD CHUCK KEY 1/2,U1508,BLACK + DECKER,
028876071528,7152 BD REV DRILL 3/8,7152,BLACK + DECKER,
028873074485,7448 BD FINISH SANDER,7448,BLACK + DECKER,
028873075529,7552 BD JIGSAW SINGLE SPEED,7552,BLACK + DECKER,
885911000109,7552 BD JIGSAW SINGLE SPEED,7552,BLACK + DECKER,
028877457574,7698K 5.2 AMP  3-1/4 PLANER,7698K,BLACK + DECKER,
4152147477,7750 BD ANGLE GRINDER 4-1/2,7750,BLACK + DECKER,
028877367583,9072 CDL SCREWDRIVER,9072CTN,BLACK + DECKER,
028877326764,9099KC 7.2V KYLS DRILL,9099KC,BLACK + DECKER,
028876097566,9756 BD HEAT GUN,9756,BLACK + DECKER,
885911221719,9756 BD HEAT GUN,9756,BLACK + DECKER,
028877499741,BDID1202 12V IMPACT DRIVER,BDID1202,BLACK + DECKER,
028877487212,BDL210S BD SIGHT LINE LASER,BDL210S,BLACK + DECKER,
028877330853,BR300 BELT SANDER 3X18IN,BR300,BLACK + DECKER,
028872080067,BV006 LEAF COLECT/BV10002500,BV006,BLACK + DECKER LAWN,
028877307091,BV2500/BV2000 LEAFHOG BLWR/VAC,BV2500,BLACK + DECKER LAWN,
028877447049,BV4000 BLOWER VAC ELECTRIC,BV4000,BLACK + DECKER LAWN,
028877496009,CD12SFK 12V DRILL/STUD FINDER,CD12SFK,BLACK + DECKER,
028877453453,CD140GK 14.4V DRILL KT-GEL GRP,CD140GK,BLACK + DECKER,
028877453477,CD180GRK 18V DRILL CHRG BAT QC,CD180GRK,BLACK + DECKER,
028877449081,CD9602K 9.6V DRILL KT-CHGR BAT,CD9602K,BLACK + DECKER,
028877445182,CS100 CORDLESS BROOM,CS100,BLACK + DECKER LAWN,
028877349459,CS1000 CIRC SAW 12 AMP 7-1/4,CS1000,BLACK + DECKER,
028877349442,CS1010K CIRC SAW 12AMP 7-1/4,CS1010K,BLACK + DECKER,
028877386256,D21002 DRILL 3/8 VSR KEY CHUCK,D21002,DEWALT,
885911285735,D21002 DRILL 3/8 VSR KEY CHUCK,D21002,DEWALT,
028877423111,DWD112/D21009 DRILL 3/8 VSR KYLSS CHK,DWD112,DEWALT,
885911057349,DWD112/D21009 DRILL 3/8 VSR KYLSS CHK,DWD112,DEWALT,
898046,DWD112/D21009 DRILL 3/8 VSR KYLSS CHK,DWD112,DEWALT,
028877444079,D25203K 3MODE SDS ROTRY HAMMER,D25203K,DEWALT,
028877420349,D25551K/D25550K ROTARY HAMMER,D25551K,DEWALT,
028877371269,D28474W 7 8000RPM ANGL GRINDR,D28474W,DEWALT,
028877331461,D51238K NAILER TRIM 18 GAUGE,D51238K,DEWALT,
028877331478,D51256K NAILER TRIM 16 GAUGE,D51256K,DEWALT,
028877331485,D51275K NAILER GRIM 15 GAUGE,D51275K,DEWALT,
028877431161,D51321 PNEUMATIC COIL NAILER,D51321,DEWALT,
028877461922,D51822 FRAMING NAILR-CLIPDHEAD,D51822,DEWALT,
028877331508,D51823 NAILER FRAMING CLIPPED,D51823,DEWALT,
028877461939,D51844 FRAMING NAILR-RND HEAD,D51844,DEWALT,
028877331492,D51845 NAILER FRAMING FULL,D51845,DEWALT,
028877333373,D55155 COMPRESSOR HAND CARRY,D55155,DEWALT,
028877354552,D55170 COMPRESSOR ELEC 8 GAL,D55170,DEWALT,
028877333366,D55250 COMPRESSOR GAS 4 GAL,D55250,DEWALT,
028877354545,D55270 COMPRESSOR GAS 8 GAL,D55270,DEWALT,
028877474052,DC011 RADIO/CHARGER,DC011,DEWALT,
028877478708,DC385K DEWALT CDLS RECIP SAW,DC385K,DEWALT,
028877448671,DC390K CIRC.SAW 18V 6-1/2,DC390K,DEWALT,
028877458342,DC410KA 18V 4-1/2 CUTOFF TOOL,DC410KA,DEWALT,
028877481654,DC4CPKA/DW4CPK24TOOL COMBO KT,DC4CPKA,DEWALT,
028877479668,DC4KITA 18V DRILL/DRIVER/SAWS,DC4KITA,DEWALT,
028877455358,DC500 2GAL WET/DRY CORDLSS VAC,DC500,DEWALT,
028877463148,DC5001 AIR FILTER FOR DC500,DC5001,DEWALT,
028877491738,DC616KA 16 GAUGE NAILER KIT,DC616KA,DEWALT,
028877491776,DC618KA 16 GAUGE FINISH NAILER,DC618KA,DEWALT,
028877491578,DC6KTGA 18V DRILL/SAWS/IMPACT,DC6KTGA,DEWALT,
028877475462,DC727KA COMPACT DRIL KIT 12V,DC727KA,DEWALT,
028877475448,DC728KA COMPACT DRIL KIT 14.4V,DC728KA,DEWALT,
028877475233,DC759KA COMPACT DRIL KIT 18V,DC759KA,DEWALT,
028877480985,DC9071 XRP 1-HR BATTERY 12V,DC9071,DEWALT,
028877480992,DC9091 XRP 1-HR BATTERY 14.4V,DC9091,DEWALT,
028877481005,DC9096 XRP 1-HR BATTERY 18V,DC9096,DEWALT,
028877472867,DC980KA XRP DRILL/DRIVER 12V,DC980KA,DEWALT,
028877472850,DC983KA XRP DRILL/DRIVER 14.4V,DC983KA,DEWALT,
028877481760,DC983SA 14.4V DRILL/DRIVER/SAW,DC983SA,DEWALT,
028877472812,DC985KA XRP HAMMER P-GRP 14.4V,DC985KA,DEWALT,
028877480275,DC987CA 18V DRILL/DRIVER/SAW,DC987CA,DEWALT,
028877472805,DC987KA XRP DRILL/DRIVER 18V,DC987KA,DEWALT,
028877480282,DC987SA 18V DRILL/DRIVER/SAW,DC987SA,DEWALT,
028877472782,DC988KA XRP HAMMER DRILL 18V,DC988KA,DEWALT,
028877472768,DC989KA XRP HAMMER P-GRIP 18V,DC989KA,DEWALT,
028877357584,DG2900 GAS GENERATOR 2900 WATT,DG2900,DEWALT,
028877357607,DG6000 GAS GENERATOR 6000 WATT,DG6000,DEWALT,
028877442754,DR260B DRILL 3/8VSR W/CASE 2PK,DR260C,BLACK + DECKER,
028877561912,DR260B DRILL 3/8VSR W/CASE 2PK,DR260C,BLACK + DECKER,
885911217217,DR260B DRILL 3/8VSR W/CASE 2PK,DR260C,BLACK + DECKER,
885911414524,DR260B DRILL 3/8VSR W/CASE 2PK,DR260C,BLACK + DECKER,
028877448749,DR211K 3/8VSR 5AMP KYLS DRILL,DR211K,DEWALT,
028873104021,DR402K HAMMERDRILL  3/8 VSR,DR402K,DEWALT,
028877443355,DR550/DR501 BD 1/2 VSR  6AMP DRILL,DR550,DEWALT,
028877561974,DR550/DR501 BD 1/2 VSR  6AMP DRILL,DR550,DEWALT,
885911206716,DR550/DR501 BD 1/2 VSR  6AMP DRILL,DR550,DEWALT,
028877443348,DR601K 1/2 VSR  6AMP HMRDRILL,DR601K,DEWALT,
028872106002,DS600 6 VOLT DETAIL SHRUBBER,DS600,DEWALT,
028877348247,DW005K-2 SDS HAMMER 24V 2 BATT,DW005K-2,DEWALT,
028877342566,DW006K-2 HAMMER DRILL 1/2 24V,DW006K-2,DEWALT,
028877368252,DW008K-2 RECIP SAW KIT VS 24V,DW008K-2,DEWALT,
028877328959,DW0242 BATTERY 24V FAN COOLED,DW0242,DEWALT,
028877328966,DW0246 CHARGER 24V FAN COOLED,DW0246,DEWALT,
028877332765,DW0249 CHARGER 24V VEHICLE,DW0249,DEWALT,
028877374314,DW050K-2 9.6V IMPACT DRIVR KIT,DW050K-2,DEWALT,
028877374321,DW051K-2 12V IMPACT WRENCH KIT,DW051K-2,DEWALT,
028877374338,DW052K-2 12V IMPACT DRIVR 1/4,DW052K-2,DEWALT,
028877374444,DW053K-2 12V IMPACT WRENCH KIT,DW053K-2,DEWALT,
028877374451,DW054K-2 14.4V IMPACT WRENCH,DW054K-2,DEWALT,
028877374468,DW055K-2 14.4V IMPCT WRENCH KT,DW055K-2,DEWALT,
028877457642,DW056K-2 18V IMPACT DRIVR 1/4,DW056K-2,DEWALT,
028877457659,DW057K-2 18V IMPACT WRNCH 1/2,DW057K-2,DEWALT,
028877374475,DW059K-2 18V IMPACT WRENCH 1/2,DW059K-2,DEWALT,
028877351803,DW071KI BATT SLK ROTARY LASER,DW071KI,DEWALT,
028877333427,DW0732 LASER DETECTOR  CLAMP,DW0732,DEWALT,
028877333434,DW0734 GRADE ROD,DW0734,DEWALT,
028877333441,DW0736 TRIPOD CONSTRUCTION,DW0736,DEWALT,
028877333397,DW073KD LASER LEVEL ROTARY 18V,DW073KD,DEWALT,
028877413808,DW082K LASER PLUMB BOB,DW082K,DEWALT,
028876012002,DW120K DEWALT 1/2 DRILL KIT,DW120K,DEWALT,
028876101249,DW124K DEWALT DRILL KIT,DW124K,DEWALT,
028877497372,DW130V/DW130 1/2 HVY-DTY DRIL,DW130V,DEWALT,
028876001402,DW140 DEWALT 1/2 DRILL REV,DW140,DEWALT,
028876001600,DW160 DEWALT RT ANG DRILL,DW160,DEWALT,
028875002226,DW222 DEWALT 3/8 KEYLESS VSR,DW222,DEWALT,
028875002233,DW223G DEWALT 3/8 VSR DRILL,DW223G,DEWALT,
028875023504,DW235G DEWALT 1/2 VSR DRILL,DW235G,DEWALT,
028877322681,DW236K VSR DRILL 1/2,DW236K,DEWALT,
028875002455,DW245 DEWALT VSR DRILL 1/2,DW245,DEWALT,
028877328997,DW255 HIGH SPEED SCREWDRIVER,DW255,DEWALT,
028876257007,DW257 HVY DTY DECK SCREWDRIVER,DW257,DEWALT,
028875126007,DW260K DEWALT VSR SCRDRVR KIT,DW260K,DEWALT,
028875002721,DW272 DRYWALL SCR DRVR,DW272,DEWALT,
028876002904,DW290 DEWALT 1/2 IMP WRENCH,DW290,DEWALT,
028876002911,DW291 DEWALT IMPACT WRENCH 1/2,DW291,DEWALT,
028877351742,DW303MK RECIP. SAW KIT,DW303MK,DEWALT,
028877487748,DW304PK RECIPROCATING SAW KIT,DW304PK,DEWALT,
028877323541,DW307MK REC.SAW KIT,DW307K,DEWALT,
028876031300,DW313 DEWALT VS JIGSAW,DW313,DEWALT,
028877493107,DW317K/DW318K VS JIGSAW KIT,DW317K,DEWALT,
028875032100,DW321K DEWALT JIG SAW HD KIT,DW321K,DEWALT,
028875033640,DW364K 7-1/4IN CIRCULAR SAW,DW364K,DEWALT,
028877348278,DW368K LTWT CIR SAW KIT 7-1/4,DW368K,DEWALT,
028877348292,DW369CSK LTWT CIRC SAW 7-1/4,DW369CSK,DEWALT,
028875037822,DW378G DEWALT FRAMING SAW 71/4,DW378G,DEWALT,
028876003840,DW384 DEWALT CIRC SAW 8-1/4,DW384,DEWALT,
028876004007,DW400 DEWALT GRINDER 4-1/2,DW400,DEWALT,
028877324555,DW402K/DW402 MINI GRINDER,DW402K,DEWALT,
13254621548,DW411K/DW411 1/4 SHEET SANDER,DW411K-D,DEWALT,
028876004205,DW420 DEWALT ORBIT SANDER 5IN.,DW420,DEWALT,
028875104210,D26451K/DW421K RANDOM ORBIT SANDER 5,D26451K,DEWALT,
028877492865,D26451K/DW421K RANDOM ORBIT SANDER 5,D26451K,DEWALT,
885911349291,D26451K/DW421K RANDOM ORBIT SANDER 5,D26451K,DEWALT,
028877301556,DW433 3X21 VAR SPD BELTSANDR,DW433,DEWALT,
028876004434,DW443 DEWALT ORBIT SANDER 6IN,DW443,DEWALT,
028877343907,DW4KIT-2 DRL/SAW/RECP/LITE KIT,DW4KIT-2,DEWALT,
028875005050,DW505 DEWALT HAMMERDRILL 1/2,DW505,DEWALT,
028877320892,DW511 HAMMER DRILL 1/2,DW511,DEWALT,
028875005159,DW515K DEWALT HAMMERDRILL 5/8,DW515K,DEWALT,
028877301570,DW616 ROUTER FIX BASE 1-3/4HP,DW616,DEWALT,
028877428086,DW616PK ROUTER COMBO KIT 1-3/4,DW616PK,DEWALT,
028877357461,DW618 FIXED BASE ROUTER 2-1/4,DW618,DEWALT,
028877428093,DW618PK ROUTER COMBO KIT 2-1/4,DW618PK,DEWALT,
028875006217,DW621 DEWALT PLUNGE ROUTER 2HP,DW621,DEWALT,
028875216609,DW660 DRYWALL CUTOUT TOOL,DW660,DEWALT,
028877305950,DW6655 PLANR BLD 3-1/4 RESHARP,DW6655,DEWALT,
028876066586,DW6658 DEWALT PLANER BLADE,DW6658,DEWALT,
028873006707,DW670 LAMINATE TRIMMER,DW670,DEWALT,
028875106801,DW680K PLANER KIT 31/4,DW680K,DEWALT,
028873068200,DW682K DEWALT PLATE JOINER KIT,DW682K,DEWALT,
028877315362,DW713 MITER SAW COMPOUND 10,DW713,DEWALT,
028877319759,DW713 MITER SAW COMPOUND 10,DW713,DEWALT,
885911570817,DW713 MITER SAW COMPOUND 10,DW713,DEWALT,
028873070500,DW7050 DEWALT EXT FOR MITERSAW,DW7050,DEWALT,
028873070531,DW7053 DEWALT DUST BAG,DW7053,DEWALT,
028873070548,DW7054 DEWALT CROWN STOP,DW7054,DEWALT,
028877307343,DW705S COMP MITER SAW,DW705S,DEWALT,
028875007061,DW706 MTR SAW COMP DBL BEV 12,DW706,DEWALT,
028875007085,DW708 DEWALT COMP MITER SAW,DW708,DEWALT,
028875070843,DW7084 CROWN STOPS FOR DW708,DW7084,DEWALT,
028877349060,DW723 MITER SAW STAND,DW723,DEWALT,
028875073325,DW7332 REPL KNIVES FOR DW733,DW7332,DEWALT,
028875207348,DW734 DEWALT12-1/2PLANER,DW734,DEWALT,
028877432595,DW7342 12-1/2 PLANER BLADES,DW7342,DEWALT,
028877349046,DW735 13 2SPEED 3CUTTER PLANR,DW735,DEWALT,
028877374260,DW7350 PLANER STAND FOR DW735,DW7350,DEWALT,
028877374284,DW7352 13 PLANER BLADES,DW7352,DEWALT,
028875074407,DW7440 PORT STAND FOR DW744,DW7440,DEWALT,
028877312811,DW744S PORT TBL SAW 10IN,DW744S,DEWALT,
028875007566,DW756 BENCH GRINDER 6 5/8 HP,DW756,DEWALT,
028875075800,DW758 BENCH GRINDER 8,DW758,DEWALT,
028875007887,DW788 DEWALT SCROLL SAW 20IN,DW788,DEWALT,
028877376080,D28402 4 1/2 ANGLE GRINDER,D28402,DEWALT,
028877517599,D28402 4 1/2 ANGLE GRINDER,D28402,DEWALT,
028876008708,DW870 DEWALT CHOP SAW 14,DW870,DEWALT,
028875008716,DW871 14IN 5HP CHOP SAW,DW871,DEWALT,
028875090322,DW9032 DRILL HOLSTER NYLON,DW9032,DEWALT,
028875009126,DW904 DEWALT CDLS FLASHLIGHT,DW904,DEWALT,
028875090438,DW9043 DEWALT REPLCMENT LAMP,DW9043,DEWALT,
028873090485,DW9048 DEWALT BATTERY 9.6V,DW9048,DEWALT,
028873090508,DW9050 DEWALT BATTERY 12V,DW9050,DEWALT,
028877312835,DW9057 7.2V BATTERY FOR DW920,DW9057,DEWALT,
028875009140,DW906 DEWALT CDLS FLASHLIGHT,DW906,DEWALT,
028876090611,DW9061 DEWALT BATTERY 9.6V XR,DW9061,DEWALT,
028875090636,DW9063 DEWALT REPLCMENT LAMP,DW9063,DEWALT,
028875009089,DW908 FLASHLIGHT PIVOT 18V,DW908,DEWALT,
028875090834,DW9083 REPLACEMENT BULB 18V,DW9083,DEWALT,
028875091091,DW9109 DEWALT 12V AUTO CHARGER,DW9109,DEWALT,
028875091169,DW9116 DEWALT CHARGER 7.2-18V,DW9116,DEWALT,
028875091176,DW9117 DEWALT CHARGER 15 MIN,DW9117,DEWALT,
028875009188,DW918 DEWALT CDLS FLOODLIGHT,DW918,DEWALT,
028875009195,DW919 FLOODLIGHT FLEX 18V,DW919,DEWALT,
028877342344,DW920K-2 SCREWDRIVER KIT 7.2V,DW920K-2,DEWALT,
028877479675,DW9216 1 HOUR CHARGER 7.2-18V,DW9216,DEWALT,
028875129268,DW926K-2 DRILL/DRIVER KIT 9.6V,DW926K-2,DEWALT,
028875109338,DW933K JIGSAW KIT 18V CDL,DW933K,DEWALT,
028877352473,DW934K-2 CIRCLE SAW MTL CUT 18,DW934K-2,DEWALT,
028876093506,DW935K DEWALT CIR SAW 14.4V,DW935K,DEWALT,
028877385792,DW955K-2 RT ANG DRIL 2 BAT 9.6,DW955K-2,DEWALT,
028877445281,DW960K-2 RT AND DRIL 2 BAT 18V,DW960K-2,DEWALT,
028877385808,DW965K-2 RT ANG DRIL 2 BAT 12V,DW965K-2,DEWALT,
028877385822,DW979K-2 SCRDRV DRYWALL 12V,DW979K-2,DEWALT,
028877343815,DW983KS-2 DRILL/SAW KIT 14.4V,DW983KS-2,DEWALT,
028877337968,DW999K-2 HMR DRILL KIT SDS 18V,DW999K-2,DEWALT,
028877494258,FS540K BD FINISH SANDER 1/4,FS540K,BLACK + DECKER,
028877561882,FS540K BD FINISH SANDER 1/4,FS540K,BLACK + DECKER,
028877351346,FSB12 BATTERY 12V FOR FSD DRIL,FSB12,BLACK + DECKER,
028877350066,FSMVC CHARGER FOR FSD DRILLS,FSMVC,BLACK + DECKER,
028877349916,FT1000 FLEX TUBE BLOWER SWEEPR,FT1000,BLACK + DECKER LAWN,
028877381459,HG1000K HEAT GUN KIT 1500 W,HG1000K,BLACK + DECKER,
028877496153,HPD1202KF 12V DRILL KIT,HPD1202KF,BLACK + DECKER,
8001342012685,american flags book bags,Q001-342,PREMIUM,
028877436906,JS600K EVS ORBITAL JIGSAW KIT,JS600K,BLACK + DECKER,
028877464039,JS700K SCROLLING JIG SAW,JS700K,BLACK + DECKER,
028877485454,MS550GB BD MOUSE SANDER KIT,MS550GB,BLACK + DECKER,
028877570365,MS550GB BD MOUSE SANDER KIT,MS550GB,BLACK + DECKER,
028877458120,NHT518 HEDGE TRIMMER 22 18V,NHT518,BLACK + DECKER LAWN,
885911055963,NHT518 HEDGE TRIMMER 22 18V,NHT518,BLACK + DECKER LAWN,
028877458182,NS118 CORDLESS BROOM 18VOLT,NS118,BLACK + DECKER LAWN,
028877458168,NST2018 STRING TRIMMER 12 18V,NST2018,BLACK + DECKER LAWN,
885911226325,NST2018 STRING TRIMMER 12 18V,NST2018,BLACK + DECKER LAWN,
028877483955,PD360 PIVOT DRIVER W/ LIGHT,PD360,BLACK + DECKER,
028877453101,PD600 BD DRILL/DRIVER 6VOLT,PD600,BLACK + DECKER,
028877436159,RS500K 7.5AMP RECIP SAW KIT,RS500K,BLACK + DECKER,
028877467948,RTX-6 ROTARY TOOL  3-SPEED,RTX-6,BLACK + DECKER,
028877350370,SC500/SC500G NAVIGATOR SAW,SC500,BLACK + DECKER,
028877412825,WP900 WAXER/POLISHER 6,WP900,BLACK + DECKER,
028877385488,XD1200K SWIVEL DRILL 12 VOLT,XD1200K,BLACK + DECKER,
044549050072,05007 1/2 PINT FUNNEL,05007,BLITZ U.S.A.,
817739010091,05007 1/2 PINT FUNNEL,05007,BLITZ U.S.A.,
044549050157,05015 1 PINT FUNNEL,05015,BLITZ U.S.A.,
817739010039,05015 1 PINT FUNNEL,05015,BLITZ U.S.A.,
5566112277,05034 SUPER FUNNEL,05034,BLITZ U.S.A.,
817739010046,05034 SUPER FUNNEL,05034,BLITZ U.S.A.,
044549050645,05064 2 QUART FUNNEL,05064,BLITZ U.S.A.,
817739010084,05064 2 QUART FUNNEL,05064,BLITZ U.S.A.,
044549050683,05068 3 PIECE FUNNEL SET,05068,BLITZ U.S.A.,
817739010107,05068 3 PIECE FUNNEL SET,05068,BLITZ U.S.A.,
028893751014,06064 TRANSMISSION FUNNEL,06064,BLITZ U.S.A.,
044549060644,06064 TRANSMISSION FUNNEL,06064,BLITZ U.S.A.,
079223036257,06064 TRANSMISSION FUNNEL,06064,BLITZ U.S.A.,
817739010152,06064 TRANSMISSION FUNNEL,06064,BLITZ U.S.A.,
044549100203,10020 EXPAND SNOW SHOVEL 10,10020,BLITZ U.S.A.,
044549107325,10732 32 ICE SCRAPPER/BRUSH,10732,BLITZ U.S.A.,
044549107424,10742 42 ICE SCRAPPER/BRUSH,10742,BLITZ U.S.A.,
089217729034,10742 42 ICE SCRAPPER/BRUSH,10742,BLITZ U.S.A.,
044549108117,10811 21 ICE SCAPPER/BRUSH,10811,BLITZ U.S.A.,
044549108124,10812 14 ICE SCAPPER/BRUSH,10812,BLITZ U.S.A.,
044549050348,11881 FLEX FUNNEL,11881,BLITZ U.S.A.,
044549118819,11881 FLEX FUNNEL,11881,BLITZ U.S.A.,
044549119052,11905 AUTOMOTIVE RAMPS,11905,BLITZ U.S.A.,
044549215051,21505 1 PLUS CARB GAS CAN,21505,BLITZ U.S.A.,
044549215105,21510 2 PLUS CARB GAS CAN,21510,BLITZ U.S.A.,
044549317335,31733 5 GALLON CARB GAS CAN,31733,BLITZ U.S.A.,
044549508337,50833 5 GALLON GAS CAN,50833,BLITZ U.S.A.,
044549508771,50877 5 GALLON KEROSENE CAN,50877,BLITZ U.S.A.,
044549116433,11643 UNIVERSAL PET DOOR,11643,BLITZ U.S.A.,
044549117607,11760 PETITE GOURMET FEEDER 6#,11760,BLITZ U.S.A.,
027371040374,04037 2.5OZ 3PK CANNED HEAT,ST04037,BLYTH HOME SCENTS,
027371400048,04037 2.5OZ 3PK CANNED HEAT,ST04037,BLYTH HOME SCENTS,
076642202300,04037 2.5OZ 3PK CANNED HEAT,ST04037,BLYTH HOME SCENTS,
076642206018,04037 2.5OZ 3PK CANNED HEAT,ST04037,BLYTH HOME SCENTS,
027371040404,20366 CANNED HEAT 2 PACK,20366,STERNO,
027371400024,20366 CANNED HEAT 2 PACK,20366,STERNO,
076642203635,20366 CANNED HEAT 2 PACK,20366,STERNO,
076642203659,20366 CANNED HEAT 2 PACK,20366,STERNO,
076642205028,20366 CANNED HEAT 2 PACK,20366,STERNO,
027371300102,STO30006 STERNO FOLDING STOVE,STO30006,BLYTH HOME SCENTS,
053538500153,0015 CR ROUND ROD 3/4 X 36,0015,BOLTMASTER/STEELWORK,
053538804015,0401 CR ROUND ROD 1/8 X 36,0401,BOLTMASTER/STEELWORK,
053538507077,0707 FLAT 1X1/8X36,0707,BOLTMASTER/STEELWORK,
053538508043,0804 ANGLE 1/8 X 3/4 X 36,0804,BOLTMASTER/STEELWORK,
053538510077,1007 SQUARE TUBING 1X36,1007,BOLTMASTER/STEELWORK,
053538101015,10101 THREADED ROD 6/32X12,10101,BOLTMASTER/STEELWORK,
038613179301,10104 THREADED ROD 10-24X12,10104,BOLTMASTER/STEELWORK,
053538101046,10104 THREADED ROD 10-24X12,10104,BOLTMASTER/STEELWORK,
053538101060,10106 THREADED ROD 1/4X12,10106,BOLTMASTER/STEELWORK,
038613179325,10107 THREADED ROD 5/16X12,10107,BOLTMASTER/STEELWORK,
053538101077,10107 THREADED ROD 5/16X12,10107,BOLTMASTER/STEELWORK,
038613179332,10108 THREADED ROD 3/8X12,10108,BOLTMASTER/STEELWORK,
053538101084,10108 THREADED ROD 3/8X12,10108,BOLTMASTER/STEELWORK,
053538101107,10110 THREADED ROD 1/2-13X12,10110,BOLTMASTER/STEELWORK,
038613179363,10112 THREAD ROD 5/8-11X12,10112,BOLTMASTER/STEELWORK,
053538101121,10112 THREAD ROD 5/8-11X12,10112,BOLTMASTER/STEELWORK,
038613179400,10205 THREADED ROD 3/16X24,10205,BOLTMASTER/STEELWORK,
053538102050,10205 THREADED ROD 3/16X24,10205,BOLTMASTER/STEELWORK,
038613179417,10207 THREADED ROD 1/4X24,10207,BOLTMASTER/STEELWORK,
053538102074,10207 THREADED ROD 1/4X24,10207,BOLTMASTER/STEELWORK,
038613179424,10208 THREADED ROD 5/16X24,10208,BOLTMASTER/STEELWORK,
053538102081,10208 THREADED ROD 5/16X24,10208,BOLTMASTER/STEELWORK,
038613179431,10209 THREADED ROD 3/8X24,10209,BOLTMASTER/STEELWORK,
053538102098,10209 THREADED ROD 3/8X24,10209,BOLTMASTER/STEELWORK,
038613179448,10210 THREADED ROD 7/16X24,10210,BOLTMASTER/STEELWORK,
053538102104,10210 THREADED ROD 7/16X24,10210,BOLTMASTER/STEELWORK,
038613179455,10211 THREADED ROD 1/2X24,10211,BOLTMASTER/STEELWORK,
053538102111,10211 THREADED ROD 1/2X24,10211,BOLTMASTER/STEELWORK,
038613179462,10213 THREADED ROD 5/8X24,10213,BOLTMASTER/STEELWORK,
053538102135,10213 THREADED ROD 5/8X24,10213,BOLTMASTER/STEELWORK,
038613179479,10214 THREADED ROD 3/4X24,10214,BOLTMASTER/STEELWORK,
053538102142,10214 THREADED ROD 3/4X24,10214,BOLTMASTER/STEELWORK,
053538103040,10304 THREAD ROD 8-32X36,10304,BOLTMASTER/STEELWORK,
038613179486,10305 THREADED ROD 3/16X36,10305,BOLTMASTER/STEELWORK,
053538103057,10305 THREADED ROD 3/16X36,10305,BOLTMASTER/STEELWORK,
038613179493,10307 THREADED ROD 1/4X 36,10307,BOLTMASTER/STEELWORK,
053538103071,10307 THREADED ROD 1/4X 36,10307,BOLTMASTER/STEELWORK,
053538203023,10307 THREADED ROD 1/4X 36,10307,BOLTMASTER/STEELWORK,
608781431022,10307 THREADED ROD 1/4X 36,10307,BOLTMASTER/STEELWORK,
038613179509,10308 THREADED ROD 5/16X36,10308,BOLTMASTER/STEELWORK,
053538103088,10308 THREADED ROD 5/16X36,10308,BOLTMASTER/STEELWORK,
608781431039,10308 THREADED ROD 5/16X36,10308,BOLTMASTER/STEELWORK,
038613179516,THREADED ROD 3/8X36,10309,BOLTMASTER/STEELWORK,
