048643123656,RCDR 1 1/2ID FLAT DISCHARGE,RCDR,ANDERSON-BARROWS MET,
048643123670,RCDV 2ID FLAT DISCHARGE,RCDV,ANDERSON-BARROWS MET,
048643101982,RHLK 3/4OD X 5/8ID HEATER 200,RHLK,ANDERSON-BARROWS MET,
048643101111,RHNL 1OD X 3/4ID HEATER,RHNL,ANDERSON-BARROWS MET,
048643265226,RLGE 1/4 ID LATEX HOSE 50FT,RLGE,ANDERSON-BARROWS MET,
092503953594,RLGE 1/4 ID LATEX HOSE 50FT,RLGE,ANDERSON-BARROWS MET,
708289482189,RLGE 1/4 ID LATEX HOSE 50FT,RLGE,ANDERSON-BARROWS MET,
95359TV,RLGE 1/4 ID LATEX HOSE 50FT,RLGE,ANDERSON-BARROWS MET,
048643925588,RPEB 1/4 OD POLY TUBING 400FT,RPEB,ANDERSON-BARROWS MET,
048643034624,RPFD 5/16OD POLY TUBING 300FT,RPFD,ANDERSON-BARROWS MET,
048643825598,RPGE 3/8OD POLY TUBING 300FT,RPGE,ANDERSON-BARROWS MET,
048643625600,RPIG 1/2OD POLY TUBING 200FT,RPIG,ANDERSON-BARROWS MET,
048643265189,RPSP 1 1/4ID POOL  SPA HOSE,RPSP,ANDERSON-BARROWS MET,
048643265196,RPSR 1 1/2ID POOL  SPA HOSE,RPSR,ANDERSON-BARROWS MET,
048643928756,RSFL 3/4ID SPA-FLEX HOSE,RSFL,ANDERSON-BARROWS MET,
048643928763,RSFN 1 ID SPA-FLEX HOSE,RSFN,ANDERSON-BARROWS MET,
048643102958,RSFP 1 1/4ID SPA-FLEX HOSE,RSFP,ANDERSON-BARROWS MET,
048643928770,RSFR 1 1/2ID SPA-FLEX HOSE,RSFR,ANDERSON-BARROWS MET,
048643928930,RVDC 1/8ID VINYL TUBING 400FT,RVDC,ANDERSON-BARROWS MET,
048643925878,RVEB .170ID VINYL TUBING 400,RVEB,ANDERSON-BARROWS MET,
048643825888,RVFD 3/16ID VINYL TUBING 300,RVFD,ANDERSON-BARROWS MET,
020111848278,RVGE 1/4ID VINYL TUBING 250FT,RVGE,ANDERSON-BARROWS MET,
048643725614,RVGE 1/4ID VINYL TUBING 250FT,RVGE,ANDERSON-BARROWS MET,
048643625624,RVHF 5/16ID VINYL TUBING 200,RVHF,ANDERSON-BARROWS MET,
048643425637,RVIG 3/8ID VINYL TUBING 100FT,RVIG,ANDERSON-BARROWS MET,
708289453783,RVIG 3/8ID VINYL TUBING 100FT,RVIG,ANDERSON-BARROWS MET,
048643928954,RVJG 3/18ID VINYL TUBING 100FT,RVJG,ANDERSON-BARROWS MET,
048643425644,RVKI 1/2ID VINYL TUBING 100FT,RVKI,ANDERSON-BARROWS MET,
048643928961,RVLI 1/2ID VINYL TUBING 75FT,RVLI,ANDERSON-BARROWS MET,
048643425651,RVLK 5/8ID VINYL TUBING 100FT,RVLK,ANDERSON-BARROWS MET,
048643928978,RVMK 5/8ID VINYL TUBING 100FT,RVMK,ANDERSON-BARROWS MET,
048643325661,RVNL 3/4ID VINYL TUBING 75FT,RVNL,ANDERSON-BARROWS MET,
708289456883,RVNL 3/4ID VINYL TUBING 75FT,RVNL,ANDERSON-BARROWS MET,
048643525689,RVPN 1ID VINYL TUBING 100FT,RVPN,ANDERSON-BARROWS MET,
048643225695,RVSP 1 1/4 ID VINYL TUBE 50,RVSP,ANDERSON-BARROWS MET,
048643232303,RVUR 1-1/2ID VINYL TUBING 50,RVUR,ANDERSON-BARROWS MET,
048643225930,RWNK 5/8ID DISHWSHER HOSE50,RWNK,ANDERSON-BARROWS MET,
048643125940,RWPM 7/8ID DISHWSHER HOSE 25,RWPM,ANDERSON-BARROWS MET,
050875513587,DCM500\DCM550 COFEEMAKER 5CUP,DCM550,APPLICA CONSUMER PRODUCTS,
050875510746,DCM7 PERSONAL COFFEEMKR,DCM7,APPLICA CONSUMER PRODUCTS,
050875512573,DCM7 PERSONAL COFFEEMKR,DCM7,APPLICA CONSUMER PRODUCTS,
050875507722,EC450 CAN OPENER,EC450,APPLICA CONSUMER PRODUCTS,
050875507753,EC75 UN/CAB CAN OPEN,EC75,APPLICA CONSUMER PRODUCTS,
050875531710,F67E/F63D METAL STM/DRY IRON,F67E,BLACK + DECKER HOUSEWARES,
050875531734,F67E/F63D METAL STM/DRY IRON,F67E,BLACK + DECKER HOUSEWARES,
050875800267,F67E/F63D METAL STM/DRY IRON,F67E,BLACK + DECKER HOUSEWARES,
050875062009,G48TD BD WAFFLE GRILL,G48TD,BLACK + DECKER HOUSEWARES,
050875513280,GC200/EM200 GIZMO CAN OPENER,GC200,APPLICA CONSUMER PRODUCTS,
050875518162,GG200 GIZMO AUTOMATIC GRATER,GG200,APPLICA CONSUMER PRODUCTS,
050875506336,HC3000 HANDY CHOPPER,HC3000,APPLICA CONSUMER PRODUCTS,
050875515079,HCC100 HOMECAFE-ONE CUP COFFEE,HCC100,APPLICA CONSUMER PRODUCTS,
050875506152,HS800\HS80 STEAMER\RICE\COOKE,HS800,APPLICA CONSUMER PRODUCTS,
050875515383,1C200 ARTIC TWISTER ICE CREAM,IC200,APPLICA CONSUMER PRODUCTS,
050875515390,JW200 LIDS OFF AUTO JAR OPENER,JW200,APPLICA CONSUMER PRODUCTS,
067607017213,KE1610W\KE150 ELEC KETTLE,KE1610W,APPLICA CONSUMER PRODUCTS,
050875511279,MX45 5SPD MIXER 175 WATT,MX45,APPLICA CONSUMER PRODUCTS,
050875526396,MX45 5SPD MIXER 175 WATT,MX45,APPLICA CONSUMER PRODUCTS,
050875511262,MX55\MX50 5SPD MIXER 200 WATT,MX55,APPLICA CONSUMER PRODUCTS,
050875809369,MX55\MX50 5SPD MIXER 200 WATT,MX55,APPLICA CONSUMER PRODUCTS,
050875516793,S520/X300 STEAM IRON BD,S520,APPLICA CONSUMER PRODUCTS,
050875516809,S530 SPRAY IRON,S530,APPLICA CONSUMER PRODUCTS,
050875520851,F210 /AS75 BD STM/DRY IRON,S540,APPLICA CONSUMER PRODUCTS,
050875532755,F210 /AS75 BD STM/DRY IRON,S540,APPLICA CONSUMER PRODUCTS,
050875516823,S550A BD STM/DRY IRON,S550A,APPLICA CONSUMER PRODUCTS,
050875511736,TRO1000\405 TOAST R OVEN,TRO1000,APPLICA CONSUMER PRODUCTS,
050875511774,TRO3000\515 TOASTER OVEN B  D,TRO3000,APPLICA CONSUMER PRODUCTS,
050875805583,TRO3000\515 TOASTER OVEN B  D,TRO3000,APPLICA CONSUMER PRODUCTS,
050875511668,TRO355 TOASTER OVEN CLASSIC,TRO355,APPLICA CONSUMER PRODUCTS,
018997540928,CP3540-1C UNUSED FAN BOX COVER,CP3540-1C,ARLINGTON INDUSTRIES,
018997721860,FB405-1 6 NONMETAL FAN BOX,FB405-1,ARLINGTON INDUSTRIES,
070881000062,00006 SPONGE OVAL YELLOW LARGE,00006,ARMALY BRANDS,
070881000086,00008 CLAMSHELL SPONGE,00008,ARMALY BRANDS,
070881000093,00009-3 HVY DTY LARGE SPONGE,00009-3,ARMALY BRANDS,
010306700559,00603-3 HVY DTY GROUT SPONGE,00603-3,ARMALY BRANDS,
070881006033,00603-3 HVY DTY GROUT SPONGE,00603-3,ARMALY BRANDS,
070881006101,00610 SPNGE DRYWL FINSHNG 10IN,00610,ARMALY BRANDS,
070881006200,00620-0 WALLPAPER SPONGE,00620-0,ARMALY BRANDS,
070881118026,11802 SOFT GRIP SPONGE,11802,ARMALY BRANDS,
070881152068,15206-8\FA123 ARTIST SPONGE,15206-8,ARMALY BRANDS,
1105263,15216 PAINTING SPONGE MED.TEXT,15216,ARMALY BRANDS,
070881152174,15217 PAINTING SPONGE COARSE,15217,ARMALY BRANDS,
070881152181,15218 LARGE PAINT SPONGE MED,15218,ARMALY BRANDS,
070881152198,15219 LARGE PNT SPONGE COARSE,15219,ARMALY BRANDS,
070881153010,15301 TEXTURING SPONGE,15301,ARMALY BRANDS,
070881153058,15305 DRAGGING SPONGE,15305,ARMALY BRANDS,
070881153232,15323 RAGGING ROLLER TWIN PACK,15323,ARMALY BRANDS,
070881153331,15333 NATURAL SPONGE ROLLER,15333,ARMALY BRANDS,
070881269001,26900-1 CAR-BOAT-TRUCK SPONGE,26900-1,ARMALY BRANDS,
070881340007,34000 8 NATURAL WOOL SPONGE,34000,ARMALY BRANDS,
070881680004,68000-4\KW1 SELECT SPONGE 6-7,68000-4,ARMALY BRANDS,
026713801505,BF-150 40W U BULB REPLACEMENT,BF150,ARMATRON,
026713801758,BF-175 40W U RPLCMENT BULB,BF175,ARMATRON,
026713801901,BF-190 BULB FOR BK-40D,BF190,ARMATRON,
026713800355,BF-35 15W U-TUBE REPLACEMENT,BF35,ARMATRON,
026713700150,BK-15D 15 WAT BUG KILLER,BK15D,ARMATRON,
026713700433,BK-40D/UV40 40 WAT BUG KILLER,BK40D,ARMATRON,
026713700808,BK-80CD 80W ELECT BUG KILLER,BK80D,ARMATRON,
026713810002,MA-1000 OCTENOL MSQTO ATTRACT,MA-1000,ARMATRON,
026713403013,MT300 MOSQUITO POWER TRAP,MT300,ARMATRON,
026713803011,SB-300A ELEC BUG KILLR BRACKET,SB300A,ARMATRON,
026713802007,SP-200B ELEC BUG KILLER POLE,SP200B,ARMATRON,
037049933488,4901500005 ARCH ALUM RAMP SET2,4901500005,ARNOLD,
037049915101,BAF-108 AIR FLTR PPR BS 397795,BAF-108,ARNOLD,
037049923991,FF125A FUELFLTR 2STP 1/45/16,FF-125A,ARNOLD,
037049910045,GC125 1-1/2 GAS CAP BS 298425,GC-125,ARNOLD,
037049915422,GC134 1.75 GASCAP BS MAX/QNTM,GC-134,ARNOLD,
037049924530,GC140 1.5 GAS CAP BS # 49455,GC140,ARNOLD,
037049929641,GC145 1-1/2 GAS CAP,GC-145,ARNOLD,
037049910502,GC150 GAS CAP 1.5 TECUMSEH,GC-150,ARNOLD,
037049910496,GC175 1.5 GAS CAP 5HP ENGINES,GC175,ARNOLD,
037049929658,GC178 1-13/16 GASCAP TEC35355,GC-178,ARNOLD,
037049925209,GC300 2-1/8 GAS CAP TRACTORS,GC-300,ARNOLD,
037049912179,GL024 GASLINE 2 LGTH 1/4 DIA,GL024,ARNOLD,
037049924028,GL232 GASLN2X3/32X3/32X3/16,GL-232,ARNOLD,
037049931491,PWS-HL001 HOMELITE TRIM SPOOL,PWS-HL001,ARNOLD,
037049910281,RS-12 REPLACEMENT SPRINGS,RS-12,ARNOLD,
037049911752,SP36 SPARK PLUG CHAIN SAW,SP-36,ARNOLD,
037049916955,SP40 SPARKPLUG 14MM 13/16 HEX,SP-40,ARNOLD,
037049911806,SPW136 SPARK PLUG WRENCH,SPW-136,ARNOLD,
037049931880,WLM-1105 TRIMLINE 222 OF .105,WLM-1105,ARNOLD,
037049931644,WLS-105 TRIMMER LINE .105 30FT,WLS-105,ARNOLD,
037049931712,WLS-1105 TRIMMER LINE .105,WLS-1105,ARNOLD,
037049931729,WLS-1130 TRIMMER LINE .130,WLS-1130,ARNOLD,
037049931613,WLS-65 TRIMMER LINE .065 40FT,WLS-65,ARNOLD,
037049931637,WLS-95 TRIMMER LINE .095 40FT,WLS-95,ARNOLD,
079055200055,205 BOX OF 1000 STAPLES 5/16,205,ARROW FASTENER,
079055200062,206 BOX OF 1000 STAPLES 3/8,206,ARROW FASTENER,
079055200086,208 BOX OF 1000 STAPLE 1/2,208,ARROW FASTENER,
079055021148,214 OF 1000 STAPLES 1/4,214,ARROW FASTENER,
079055215165,215 OF 1000 STAPLES 5/16,215,ARROW FASTENER,
079055022145,224-P22-1/4 STPLES ARRW 5000BX,224,ARROW FASTENER,
079055225164,225 OF 5050 STAPLES 5/16,225,ARROW FASTENER,
079055250388,256 OF 1000 STAPLES 3/8,256,ARROW FASTENER,
079055257165,257 OF 1000 STAPLES 7/16,257,ARROW FASTENER,
079055259169,259 OF 1000 STAPLES 9/16,259,ARROW FASTENER,
079055027386,T-27 OF 1000 STAPLES 3/8,276,ARROW FASTENER,
079055004042,404 OF 1000 STAPLES 1/4,404,ARROW FASTENER,
079055004059,405 OF 1000 STAPLES 5/16,405,ARROW FASTENER,
079055500148,504 OF 1250 STAPLES 1/4,504,ARROW FASTENER,
079055510147,504IP STAPLE 1/4T50,504IP,ARROW FASTENER,
079055815143,504M OF 1250 MONEL STPLES  1/4,504M,ARROW FASTENER,
079055505167,505 OF 1250 STAPLES 5/16,505,ARROW FASTENER,
079055515166,505IP STAPLES 5/16T50,505IP,ARROW FASTENER,
079055815167,505M OF 1250 MONEL STAPLE 5/16,505M,ARROW FASTENER,
079055500384,506 OF 1250 STAPLES 3/8,506,ARROW FASTENER,
079055510383,506IP STAPLES 3/8T50,506IP,ARROW FASTENER,
079055815389,506M OF 1250 MONEL STAPLES 3/8,506M,ARROW FASTENER,
079055825388,506SS OF 1250 3/8SS STAPLES,506SS,ARROW FASTENER,
031857492403,508 OF 1250 STAPLES 1/2,508,ARROW FASTENER,
079055500124,508 OF 1250 STAPLES 1/2,508,ARROW FASTENER,
079055815129,508M OF 1250 MONEL STAPLES 1/2,508M,ARROW FASTENER,
079055509165,509 OF 1250 STAPLES 9/16,509,ARROW FASTENER,
079055815969,509M OF 1250 MONEL STAPLE 9/16,509M,ARROW FASTENER,
079055500001,T50CT OF 1250 CEILTILE STAPLES,50CT,ARROW FASTENER,
391149,50CTT OF 1250 CEILTILE STAPLE,50CTTML,ARROW FASTENER,
079055056508,5650DTC STAPLEGUN W/DESK ATTCH,5650DTC,ARROW FASTENER,
028874057005,5700 STAPLE  NAIL GUN POWRSHT,5700,ARROW FASTENER,
079055005841,584 OF-1000 1/4 BOSTIT STAPLE,584,ARROW FASTENER,
079055005865,586 OF-1000 3/8 BOSTIT STAPLE,586,ARROW FASTENER,
079055005889,588 OF-1000 1/2 BOSTIT STAPLE,588,ARROW FASTENER,
079055005896,589 OF-1000 9/16BOSTIT STAPLE,589,ARROW FASTENER,
079055591108,5911 ARROW INS STAPLE/CLEAR,591188,ARROW FASTENER,
079055591115,5911BL ARROW INS STAPLE/BLACK,591188BL,ARROW FASTENER,
079055006046,60430 OF 1000 STAPLES 1/4,60430,ARROW FASTENER,
079055006053,60530 OF 1000 STAPLES 5/16,60530,ARROW FASTENER,
079055006060,60630 OF 1000 STAPLES 3/8,60630,ARROW FASTENER,
079055006084,60830 OF 1000 STAPLES 1/2,60830,ARROW FASTENER,
079055006091,60930 OF 1000 STAPLES 9/16,60930,ARROW FASTENER,
079055065340,65S OF 600 3/4 STAPLES,65S,ARROW FASTENER,
079055750598,7510S 5/8 T75 STAPLES,7510S,ARROW FASTENER,
079055750796,7514S 7/8 T75 STAPLES,7514S,ARROW FASTENER,
666880080008,8000 PRO STAPLE  NAIL GUN,8000,ARROW FASTENER,
028874970304,97-030 9/16BRAD NAILS POWRSHT,97-030,ARROW FASTENER,
079055000112,AP10-4 10 ALL PURP.GLUE STICK,AP10-4,ARROW FASTENER,
079055000051,AP5 4 CLEAR GLUE STICK,AP5,ARROW FASTENER,
079055092520,B25Y ARROW TAPE RULE 25 YELL,B25Y,ARROW FASTENER,
079055000105,BAP5-4 GLUE STICK 4 24PC,BAP5-4,ARROW FASTENER,
079055092506,BD25G ARROW TAPE RULE 25N GRN,BD25G,ARROW FASTENER,
079055041023,BN1810 BRAD NAILS 5/8,BN1810,ARROW FASTENER,
079055018124,BN1812B 3/4BROWN BRAD NAILS,BN1812B,ARROW FASTENER,
079055018179,BN1816B 1BROWN BRAD NAILS,BN1816B,ARROW FASTENER,
079055118169,BN1816B 1BROWN BRAD NAILS,BN1816B,ARROW FASTENER,
079055018162,BN1816W 1WHITE BRAD NAILS,BN1816W,ARROW FASTENER,
079055018209,BN1820 ET200 BRAD NAIL 1-1/4,BN1820,ARROW FASTENER,
079055001027,ET200 1-1/4 ELEC BRAD NAILER,ET200,ARROW FASTENER,
079055200857,ET200 1-1/4 ELEC BRAD NAILER,ET200,ARROW FASTENER,
079055050032,ETF50/BN ELEC.STAPLE GUN,ETF50BN,ARROW FASTENER,
079055001553,ETFX50 STAPLE/BRAD GUN ELECTRC,ETFX50,ARROW FASTENER,
079055000587,ETN50 ELEC. STAPLE GUN,ETN50,ARROW FASTENER,
079055005308,HT30 ARROW HAMMER TACKER,HT30,ARROW FASTENER,
079055000532,HT50P STAPLE HAMMER TACKER,HT50,ARROW FASTENER,
079055000655,HT-65 ARROW HAMMER TACKER,HT65,ARROW FASTENER,
079055002116,JT21CM ARROW STAPLE GUN,JT21CM,ARROW FASTENER,
079055000211,JT21M ARROW STAPLE GUN,JT21M,ARROW FASTENER,
079055000129,MG12 4 MINI GLUE STICK,MG12,ARROW FASTENER,
079055000242,MG24-4 MINI GLUE STICK BULK 4,MG24-4,ARROW FASTENER,
079055000037,MT300 MINI TRIGGER GLUE GUN,MT300,ARROW FASTENER,
079055000228,P22 ARROW PLIER STAPLE GUN,P22,ARROW FASTENER,
079055088509,PK50 PARTS KIT,PK50,ARROW FASTENER,
079055008019,RH200 PROF RIVETER,RH200,ARROW FASTENER,
079055008026,RHT300 TWISTER/RIVET TOOL,RHT300,ARROW FASTENER,
079055061205,RK6120 120PC RIVET ASSORTMENT,RK6120,ARROW FASTENER,
079055008002,RL100 STANDARD RIVETER,RL100,ARROW FASTENER,
079055008057,RLA1/8 1/8 ALM LONG 15 RIVETS,RLA1/8,ARROW FASTENER,
079055008224,RLA1/8IP 1/8 ALM LNG RIVETS,RLA1/8IP,ARROW FASTENER,
079055008149,RLA3/16 3/16 ALM LNG 12 RIVET,RLA3/16,ARROW FASTENER,
079055008316,RLA3/16IP 3/16 ALM LNG RIVETS,RLA3/16IP,ARROW FASTENER,
079055008088,RLS1/8 1/8 STL LONG 15 RIVETS,RLS1/8,ARROW FASTENER,
079055008255,RLS1/8IP 1/8 STL LNG RIVETS,RLS1/8IP,ARROW FASTENER,
079055008040,RMA1/8 1/8 ALM. MED. 20 RIVET,RMA1/8,ARROW FASTENER,
079055008217,RMA1/8IP 1/8 ALM MED RIVETS,RMA1/8IP,ARROW FASTENER,
079055008132,RMA3/16 3/16 ALUM MED 15 RIVET,RMA3/16,ARROW FASTENER,
079055008439,RMA3/16BP ALM MED BULK RIVET,RMA3/16BP,ARROW FASTENER,
079055008309,RMA3/16IP 3/16 ALM MED RIVETS,RMA3/16IP,ARROW FASTENER,
079055008101,RMA5/32 5/32 ALM MED 15 RIVET,RMA5/32,ARROW FASTENER,
079055008071,RMS1/8 1/8 STL MED 20 RIVETS,RMS1/8,ARROW FASTENER,
070955008246,RMS1/8IP 1/8 STL MED RIVETS,RMS1/8IP,ARROW FASTENER,
079055008248,RMS1/8IP 1/8 STL MED RIVETS,RMS1/8IP,ARROW FASTENER,
079055008033,RSA1/8 1/8 ALM SHORT RIVETS,RSA1/8,ARROW FASTENER,
079055008200,RSA 1/8IP 1/8 ALM SHRT RIVET,RSA1/8IP,ARROW FASTENER,
079055008125,RSA3/16 3/16 ALUM SHRT 18 RIVT,RSA3/16,ARROW FASTENER,
079055008293,RSA3/16IP 3/16 ALM SHRT RIVET,RSA3/16IP,ARROW FASTENER,
079055008064,RSS1/8 1/8 STL SHORT 25 RIVET,RSS1/8,ARROW FASTENER,
079055107125,S107 OF 2500 STAPLES,S107,ARROW FASTENER,
079055661009,S66 OF 1000 STAPLES,S66,ARROW FASTENER,
079055020257,T2025 DUAL PURPOSE GUN,T2025,ARROW FASTENER,
079055000259,T25 ARROW STAPLE GUN FOR WIRE,T25,ARROW FASTENER,
079055000273,T-27 ARROW PLASTIC STAPLE GUN,T27,ARROW FASTENER,
079055000501,T50 ARROW STAPLE GUN 12PK,T50,ARROW FASTENER,
079055050018,T50PBN STAPLE GUN BRAD NAILER,T50PBN,ARROW FASTENER,
079055005001,T50VP T50/STAPLE  KIT,T50-VP,ARROW FASTENER,
079055000556,T55 ARROW STAPLE GUN,T55,ARROW FASTENER,
079055000754,T75 ROMEX  CABLE TACKER,T75,ARROW FASTENER,
079055004004,TR400 HOT MELT GLUE GUN,TR400,ARROW FASTENER,
079055000020,TR550 GLUE GUN,TR550,ARROW FASTENER,
722793010102,01010 ARTU DRL BIT 1/8 X 3,01010,ARTU-USA,
722793010126,01012 ARTU DRL BIT 5/32 X 3,01012,ARTU-USA,
722793010201,01020 ARTU DRL BIT 3/16X3-1/2,01020,ARTU-USA,
722793014605,01020 ARTU DRL BIT 3/16X3-1/2,01020,ARTU-USA,
722793010225,01022 ARTU DRL BIT 7/32X3-3/4,01022,ARTU-USA,
722793010300,01030 ARTU DRL BIT 1/4X4-1/4,01030,ARTU-USA,
722793010324,01032 ARTU DRILL BIT 9/32,01032,ARTU-USA,
722793010409,01040 ARTU DRL BIT 5/16X4-1/2,01040,ARTU-USA,
722793010423,01042 ARTU DRL BIT 11/32 X 5,01042,ARTU-USA,
722793010508,01050 ARTU DRILL BIT 3/8,01050,ARTU-USA,
722793010522,01052 ARTU DRL BIT 13/32X6,01052,ARTU-USA,
722793010607,01060 ARTU DRILL BIT 7/16X6IN,01060,ARTU-USA,
722793010621,01062 ARTU DRL BIT 15/32X6,01062,ARTU-USA,
722793010706,01070 ARTU DRL BIT 1/2,01070,ARTU-USA,
722793010751,01075 ARTU DRL BIT 9/16X6,01075,ARTU-USA,
722793010805,01080 ARTU DRL BIT 5/8X6,01080,ARTU-USA,
722793015053,01505 ARTU DRL BIT SET 5 PC.,01505,ARTU-USA,
722793015510,01551 ARTU GRINDING WHEEL,01551,ARTU-USA,
722793029326,02932 3PC TC GRIT HOLE SAW SET,02932,ARTU-USA,
722793029548,02954 6PC TC GRIT HOLESAW SET,02954,ARTU-USA,
723503150088,15008 4X5/8 NYLON LSH RBL,15008,ASPEN PET,
723503150606,15060 6X5/8 NYLON LEASH BLK,15060,ASPEN PET,
723503153607,15360 12X5/8 NYLON CLR BLK,15360,ASPEN PET,
723503157100,15710 10UP ADJ5/8 COLLAR BLK,15710,ASPEN PET,
723503172103,17210 5/8X14-20ADJ HARN BLK,17210,ASPEN PET,
723503193146,19314 3/4X20-28 ADJ HARN BLK,19314,ASPEN PET,
723503200080,20008 4X1 NYLON LEASH BLUE,20008,ASPEN PET,
723503208109,20810  ADJ.  1 COLLAR BLACK,20810,ASPEN PET,
723503221108,22110 1X28-36 ADJ HARN BLK,22110,ASPEN PET,
723503242516,24251 WALKABOUT RETRACT SM RED,24251,ASPEN PET,
723503242615,24261 WALKABOUT RETRACT MEDRED,24261,ASPEN PET,
723503278874,27886 16 MEDIUM WEIGHT COLLAR,27886,ASPEN PET,
094149602348,27890 22 HEAVY WEIGTH COLLAR,27890,ASPEN PET,
723503278904,27890 22 HEAVY WEIGTH COLLAR,27890,ASPEN PET,
723503278928,27892 26 X HEAVYWEIGHT COLLAR,27892,ASPEN PET,
723503278935,27893 28 X HEAVYWEIGHT COLLAR,27893,ASPEN PET,
723503278942,27894 30 X HEAVYWEIGHT COLLAR,27894,ASPEN PET,
017334013057,3401305 WAY TO GO PADS 30 PK,3401305,ASPEN PET,
723503680110,68011 6FK BONE-NATURAL 1 PK,68011/88104,ASPEN PET,
071709188863,18886 MARKS-A-LOT BLUE,18886,AVERY DENNISON, OPNA,
071709188870,18887 MARKS-A-LOT RED,18887,AVERY DENNISON, OPNA,
071709188887,18888 MARKER BLACK MARKS A LOT,18888,AVERY DENNISON, OPNA,
032888078048,107-804HC/504 3/4 BALL VALVE,107-804HC,B + K INDUSTRIES,
032888078055,107-805HC 1 CC BALL VALVE,107-805HC,B + K INDUSTRIES,
032888079038,107-903HC 1/2 IPS BALL VALVE,107-903HC,B + K INDUSTRIES,
032888079045,107-904HC 3/4 IPS BALL VALVE,107-904HC,B + K INDUSTRIES,
032888010024,100-403HC/003HC 1/2 GATE VLVE,100-403HC,B + K INDUSTRIES,
032888004047,100-404HC/404 3/4 IPS GATE VLV,100-404HC,B + K INDUSTRIES,
032888010031,101-003HC 1/2 SWING CHECK VALV,101-003HC,B + K INDUSTRIES,
032888010079,101-007HC 1 1/2SWING CHECK VLV,101-007HC,B + K INDUSTRIES,
032888020030,102-003HC/CBDSB8 1/2 BOILER DR,102-003HC,B + K INDUSTRIES,
032888030039,103-003HC 1/2 HOSE BIBB,103-003HC,B + K INDUSTRIES,
032888050037,105-003HC IPS STOP VALVE,105-003HC,B + K INDUSTRIES,
032888055032,105-503HC 1/2 CXC STOP VALVE,105-503HC,B + K INDUSTRIES,
032888056046,105-604HC 3/4 CXC    S/W VALVE,105-604HC,B + K INDUSTRIES,
032888080034,108-003HC 1/2 IPS SILLCOCK,108-003HC,B + K INDUSTRIES,
032888304208,400-302HC 3/8X1/2 COMPX IPS AG,400-302HC,B + K INDUSTRIES,
032888001404,700-015HC/107-405HC 1THRD VL,700-015HC,B + K INDUSTRIES,
032888074057,700-015HC/107-405HC 1THRD VL,700-015HC,B + K INDUSTRIES,
032888001442,700-019HC/107-455HC SLD 1 VL,700-019HC,B + K INDUSTRIES,
032888074552,700-019HC/107-455HC SLD 1 VL,700-019HC,B + K INDUSTRIES,
032888000964,700-464HC/107-453HC 1/2SLD VL,700-464HC,B + K INDUSTRIES,
032888074538,700-464HC/107-453HC 1/2SLD VL,700-464HC,B + K INDUSTRIES,
032888000971,700-465HC/107-454HC 3/4SLD VL,700-465HC,B + K INDUSTRIES,
032888000988,700-466HC/107-403HC 1/2IP VLV,700-466HC,B + K INDUSTRIES,
032888132764,700-466HC/107-403HC 1/2IP VLV,700-466HC,B + K INDUSTRIES,
032888000414,102-053HC BOILER DRAIN 1/2 IN,102-053HC,B + K INDUSTRIES,
032888000421,102-054HC BOILER DRAIN 3/4 IN,102-054HC,B + K INDUSTRIES,
032888021037,102-103 1/2 F BOILER DRAIN,102-103,B + K INDUSTRIES,
032888070134,107-013 1/2 BALL VALVE W/DRAIN,107-013,B + K INDUSTRIES,
032888105232,110-523HC 1/2 IPS AGA GAS VALV,110-523HC,B + K INDUSTRIES,
032888105249,110-524HC 3/4 IPS AGA GAS VALV,110-524HC,B + K INDUSTRIES,
032888105256,110-525HC 1 IPS AGA GAS VALVE,110-525HC,B + K INDUSTRIES,
032888230057,123-005 FAUCET W/SPOUT TK2018G,123-005,B + K INDUSTRIES,
032888331068,133-106 PV SHR DRAIN 2IN SD61P,133-106,B + K INDUSTRIES,
12589443388,993-015RP ICEMAKER ADAPTER TEE,993-015RP,B + K INDUSTRIES,
032888300019,993-016RP ICEMAKER ADAPTER TEE,993-016RP,B + K INDUSTRIES,
712256805253,APWP AFTER STRIP WASH 16OZ,APWP,BACK TO NATURE PRODU,
622422260598,218 MINI HACKSAW,218,BAHCO TOOLS INC.,
311518033767,CTC-824 CIRC SAW BLD 8 24T,CTC-824,BAHCO TOOLS INC.,
050904001863,0186 18 NIC PLATE MESH SKIMER,0186,BARBOUR INT`L,
050904035035,1001 35 CAJUN STIR PADDLE,1001,BARBOUR INT`L,
050904022127,2212/B135 SPORTSMAN FISH COOKR,2212,BARBOUR INT`L,
050904030665,3066A 30QT TURKEY FRYER W/SP30,3066A,BARBOUR INT`L,
050904023407,5LPH /3HPH 3HIGH PRESSURE REGULATOR,3HPH,BARBOUR INT`L,
050904442000,5LPH /3HPH 3HIGH PRESSURE REGULATOR,3HPH,BARBOUR INT`L,
050904040244,4024/2400 24QT FRYR/STMR W/BKT,4024,BARBOUR INT`L,
050904050250,5025 12 STAINLESS THERMOMETER,5025,BARBOUR INT`L,
050904050304,5030 2OZ SEASONING INJECTOR,5030,BARBOUR INT`L,
050904079060,7906 HI PRESS LPG HOSE 6,7906,BARBOUR INT`L,
050904002501,DB250 2BURNER HI-PRESS COOKER,DB250,BARBOUR INT`L,
050904001108,SP10 HI-PRESS COOKER W/360 WSH,SP10,BARBOUR INT`L,
050904014009,SQ14 SINGLE PATIO STOVE,SQ14,BARBOUR INT`L,
036848120259,270/12025 PNTNG TROWEL 7.75,270/12025,BARCO INDUTRIES INC.,
036848120242,284/12024 TROWEL POINTING 5.5,284/12024,BARCO INDUTRIES INC.,
046087000137,,BAD STYLE 3927,,
046087000014,R6 BARS STOP LEAK 5.5OZ,R6,BARS LEAKS -DIV. OF,
097004001515,EC-15 15 CANE KNIFE,EC-15,BARTEUX MACHETES, IN,
079171220821,D2208B PAPER HOLDER    BA505VP,D2208B,BATH UNLIMITED,
079171225055,D2250C RE-PLACE-A-BAR 24IN CLR,D2250C,BATH UNLIMITED,
079171225000,D2250W RE-PLACE-A-BAR 24IN,D2250W,BATH UNLIMITED,
079171306037,D306W SOAP DISH,D306W,BATH UNLIMITED,
017398450065,LBC-600SDL  LIGHT BULB CHANGER,LBC-600SDL,BAYCO PRODUCTS,
090529630017,LBC-600SDL  LIGHT BULB CHANGER,LBC-600SDL,BAYCO PRODUCTS,
017398510004,CLAMP LIGHT HALOGEN 35 WATT,PZ-1000,BAYCO PRODUCTS,
017398510011,1001 STAKE/CLAMP LIGHT 150WATT,PZ-1001,BAYCO PRODUCTS,
017398510028,WORK LIGHT HALOGEN 500W,ORHL500W03,ORGILL INC.,
054732824496,WORK LIGHT HALOGEN 500W,ORHL500W03,ORGILL INC.,
017398510059,TRIPOD WORKLIGHT HALOGEN 1000W,PZ-1005,BAYCO PRODUCTS,
054732825776,TRIPOD WORKLIGHT HALOGEN 1000W,PZ-1005,BAYCO PRODUCTS,
017398510226,TRIPOD WORK LIGHT HALOGEN 500W,PZ-1022,BAYCO PRODUCTS,
054732824502,TRIPOD WORK LIGHT HALOGEN 500W,PZ-1022,BAYCO PRODUCTS,
017398510325,1032 WRKLIGHT HVYDTY HALO 600W,PZ-1032,BAYCO PRODUCTS,
017398501033,103 BULB RPLCMNT FLU 6500K 13W,PZ-103PDQ,BAYCO PRODUCTS,
017398502009,CLAMP LIGHT 5IN,PZ-200,BAYCO PRODUCTS,
045734667372,CLAMP LIGHT 5IN,PZ-200,BAYCO PRODUCTS,
054732824625,CLAMP LIGHT 5IN,PZ-200,BAYCO PRODUCTS,
017398522502,TRIPOD WORK LIGHT 500W W/CASE,PZ-2250,BAYCO PRODUCTS,
017398503006,300 CLAMP LIGHT 8.5IN,PZ-300,BAYCO PRODUCTS,
045131019057,300 CLAMP LIGHT 8.5IN,PZ-300,BAYCO PRODUCTS,
045734667389,300 CLAMP LIGHT 8.5IN,PZ-300,BAYCO PRODUCTS,
054732824618,300 CLAMP LIGHT 8.5IN,PZ-300,BAYCO PRODUCTS,
017398503020,302 CLAMP LIGHT 10 PORCLN SKT,PZ-302,BAYCO PRODUCTS,
017398504065,406 TROUBLE LIGHT INCAND PLAST,PZ-406PDQ4,BAYCO PRODUCTS,
054732823949,406 TROUBLE LIGHT INCAND PLAST,PZ-406PDQ4,BAYCO PRODUCTS,
017398504072,TROUBLE LIGHT INCANDSNT METAL,ORTL010606,POWERZONE,
054732823956,TROUBLE LIGHT INCANDSNT METAL,ORTL010606,POWERZONE,
017398542517,PZ-425APDQ4 TROUBLE LIGHT INCAND 25FT,PZ-425APDQ4,BAYCO PRODUCTS,
054732823963,PZ-425APDQ4 TROUBLE LIGHT INCAND 25FT,PZ-425APDQ4,BAYCO PRODUCTS,
017398505062,506 WORKLIGHT FLOURESCENT 13W,PZ-506PDQ4,BAYCO PRODUCTS,
054732823994,506 WORKLIGHT FLOURESCENT 13W,PZ-506PDQ4,BAYCO PRODUCTS,
017398506519,RETRAC REEL 20FT 13W FLUO LITE,PZ-651,BAYCO PRODUCTS,
017398507554,755 CORD REEL 4 OUTLET 16/3,ORCR220625,POWER ZONE,
054732823918,755 CORD REEL 4 OUTLET 16/3,ORCR220625,POWER ZONE,
017398509060,HVYDTY WORKLIGHT FLOURESCENT,PZ-906PDQ4,BAYCO PRODUCTS,
017398509084,908 WORKLIGHT FLOURESCENT 26W,PZ-908PDQ4,BAYCO PRODUCTS,
017398509206,920 WORKLIGHT FLUO 13W 25CRD,PZ-920,BAYCO PRODUCTS,
700685000103,BHW-24/6500 HI WHEEL PLOW,BHW-24,BEAVER MANUFACTURING,
736763707008,118230 4PT BEKAERT BARB,118230,BEKAERT,
736763703000,118290 15 1/2G 2PT GAUCHO BARB,118290,BEKAERT,
736763706001,118293 15.5G 4PT GAUCHO BARB,118293,BEKAERT,
073088042415,11-000 TOILET SEAT SOFT WHITE,11-000,BEMIS MFG,
073088043979,113-000 TOILET SEAT ELONG WHIT,113-000,BEMIS MFG,
073088014313,120-000 TOILET SEAT ELONG WHT,120-000,BEMIS MFG,
073088007803,13-000  SOFT TOILET SEAT-WH,13-000,BEMIS MFG,
073088160140,13-000  SOFT TOILET SEAT-WH,13-000,BEMIS MFG,
073088011503,13-006 DLX SOFT TOILTSEAT BONE,13-006,BEMIS MFG,
073088007902,13-034 TOILET SEAT SOFT BLUE,13-034,BEMIS MFG,
073088120038,1366-000 TOIELT SEAT EMB FISH,1366-00,BEMIS MFG,
073088119834,1371-346 TOIELT SEAT EMB BUGS,1371-346,BEMIS MFG,
073088120069,1373-000 TOILET SEAT BUTTERFLY,1373-000,BEMIS MFG,
073088093073,13CP-000 SOFT TOILETSEAT CHRM,13CP-000,BEMIS MFG,
073088010148,144-000 ELNGTD ENAM SEAT/WHITE,144-000,BEMIS MFG,
073088013972,1440-000 COMM.TOILTSEAT ELONG,1440-000,BEMIS MFG,
073088151872,1440-000 COMM.TOILTSEAT ELONG,1440-000,BEMIS MFG,
073088013941,144CP-000 TOILET SEAT ELONG,144CP-000,BEMIS MFG,
073088057204,170-000/160-000 WHT ELNG SEAT,170-000,BEMIS MFG,
073088039767,22-000 WH PLASTIC TOILET SEAT,22-000,BEMIS MFG,
073088047496,24-000 MOLDED WOOD WAVE WHITE,24-000,BEMIS MFG,
073088056993,27-000 TOILET SEAT SWIRL WHITE,27-000,BEMIS MFG,
073088079169,34-000 TOILET SEAT IVY WHITE,34-000,BEMIS MFG,
073088008503,44-000 ENML FNSH TOILTSEAT WHT,44-000,BEMIS MFG,
073088009005,44-006 ENML FIN TOILTSEAT BONE,44-006,BEMIS MFG,
073088008701,44-023 PINK RD CLOSET SEAT,44-023,BEMIS MFG,
073088008800,44-034 ENML FNSH TOILTSEATBLUE,44-034,BEMIS MFG,
073088012715,44-047 BLACK RD CLOSET SEAT,44-047,BEMIS MFG,
073088064110,44-375 TOILET SEAT ENML GREEN,44-375,BEMIS MFG,
073088040909,44-455 TOILET SEAT SEAFOAM,44-455,BEMIS MFG,
073088109569,44BN-000 TOILET SEAT MOLDED WH,44BN-000,BEMIS MFG,
073088021021,44CP-000 TOILET SEAT PREM WHT,44CP-000,BEMIS MFG,
073088037428,44CP-006 BONE RD CLOS SEAT CPH,44CP-006,BEMIS MFG,
073088009302,66TT-000 ECON TOILET SEAT WHT,66TT-000,BEMIS MFG,
073088056115,70-000/60-000 PLST ECON SEAT W,70-000,BEMIS MFG,
073088119179,9601BR-268 TOILET SEAT MED OAK,9601BR-268,BEMIS MFG,
084865331004,33100 INSECTICIDE CONCENTRATE,33100,BENGAL CHEMICAL,
084865552003,55201/55200 ROACH/FLEA FOGGER,55201,BENGAL CHEMICAL,
084865924657,92465 9 OZ ANT/ROACH SPRAY,92465,BENGAL CHEMICAL,
084865971187,97118 BENGAL WASP/HORNET SPRAY,97118,BENGAL CHEMICAL,
012758025006,2500CT HANDY MAN PAINT PAIL,2500CT,BERCOM,
012758025105,2510-CT PAINT PAIL DISP LINERS,2510-CT,BERCOM,
070042191387,BF9/1764293  BUTANE CYLINDER 2.1OZ.DISP,BF9,BERNZOMATIC,
070042200454,BF9/1764293  BUTANE CYLINDER 2.1OZ.DISP,BF9,BERNZOMATIC,
070042191103,JT680 JUMBO FLAME TORCH,JT680,BERNZOMATIC,
070042191998,JTH7 JET HOSE TORCH KIT,JTH7,BERNZOMATIC,
070042193756,MG9 MAPP GAS CYLINDER,MG9,BERNZOMATIC,
070042193558,OX9     OXYGEN FUEL CYLINDER,OX9,BERNZOMATIC,
014045309820,MT 200 PK TORCH BRASS KIT,MT 200 PK,BERNZOMATIC,
024968200166,MT 200 PK TORCH BRASS KIT,MT 200 PK,BERNZOMATIC,
070042196245,MT 200 PK TORCH BRASS KIT,MT 200 PK,BERNZOMATIC,
014045308793,TS3000KC PRO TORCHKIT,TS3000KC,BERNZOMATIC,
070042190984,TS3000KC PRO TORCHKIT,TS3000KC,BERNZOMATIC,
070042196931,TS3000KC PRO TORCHKIT,TS3000KC,BERNZOMATIC,
070042199109,TS3000KC PRO TORCHKIT,TS3000KC,BERNZOMATIC,
070042199208,TS3000KC PRO TORCHKIT,TS3000KC,BERNZOMATIC,
070042190281,TS3000T TRIG START PROPANEHEAD,TS3000T,BERNZOMATIC,
070042190403,TS4000T HEAD TORCH HIGH HEAT,TS4000T,BERNZOMATIC,
014045315326,TS4000MZKC TRIG STR MAPP KIT,TS4000ZKC,BERNZOMATIC,
014045808793,TS4000MZKC TRIG STR MAPP KIT,TS4000ZKC,BERNZOMATIC,
070042190427,TS4000MZKC TRIG STR MAPP KIT,TS4000ZKC,BERNZOMATIC,
070042195408,TS4000MZKC TRIG STR MAPP KIT,TS4000ZKC,BERNZOMATIC,
070042199802,TS4000MZKC TRIG STR MAPP KIT,TS4000ZKC,BERNZOMATIC,
014045213257,TS7000MT TORCH TRIGGER START,TS7000MT,BERNZOMATIC,
070042190700,TS7000MT TORCH TRIGGER START,TS7000MT,BERNZOMATIC,
070042195422,TS99T MAPP TORCH HEAD PRO,TS99T,BERNZOMATIC,
070042191707,TX405C  FLINT SPARK LIGHTER  C,TX405C,BERNZOMATIC,
070042191752,TX406 REPLACEMENT FLINTS,TX406,BERNZOMATIC,
070042194005,TX-9 PROPANE CYLINDER,TX-9,BERNZOMATIC,
070042194159,TX916 PROPANE 16.4OZ FUEL CYL,TX916,BERNZOMATIC,
014045309219,UL100 PENCIL TORCH  CYLINDER,UL100,BERNZOMATIC,
014045782609,UL100 PENCIL TORCH  CYLINDER,UL100,BERNZOMATIC,
070042192056,UL100 PENCIL TORCH  CYLINDER,UL100,BERNZOMATIC,
070042199000,UL100 PENCIL TORCH  CYLINDER,UL100,BERNZOMATIC,
070042192100,UL125 TORCH KIT 7 PC,UL125,BERNZOMATIC,
070042192209,UL2317T PENCIL FLAME TORCH UNI,UL2317T,BERNZOMATIC,
033572318600,0-31860-00 3PC CHEESECLOTH,0-31860-00,BESTT LIEBCO,
033572319256,0-31925-00 LRG NAT SEA SPONGE,0-31925-00,BESTT LIEBCO,
033572324090,0-32409-00 RAG ROLLER,0-32409-00,BESTT LIEBCO,
033572340359,0-34035-00 DRAGGING BRUSH,0-34035-00,BESTT LIEBCO,
032885203009,1 SPORTSMAN BELL,1,BEVIN BROS MFG CO,
032885202033,50 TEA BELL,50,BEVIN BROS MFG CO,
070330315273,GPMP21 PERM MARKER 2PK BLK,GPMP21,BIC CORPORATION,
070330319202,PTCGP11 4X4 PERM MARKER 1-PK,PTCGP11,BIC CORPORATION,
070330608450,UMP110/UPMW18 UTIL LIGHTER,UMP110,BIC CORPORATION,
090304050542,5054 3S/C B ELBOW 75 28GA,5054,BILLY PENN,
075155000281,028 BROOM BUDDY DUSTPAN,028-60,BIRDWELL CLEANING,
075155000304,030 DUST PAN  BRUSH,030-12,BIRDWELL CLEANING,
075155001707,170 FEATHER DUSTER,170-60,BIRDWELL CLEANING,
075155195246,19524 5X24 WASHABLE DUSTMOP,19524-12,BIRDWELL CLEANING,
075155195369,19536 5X36 WASHABLE DUSTMOP HD,19536-12,BIRDWELL CLEANING,
075155020104,2010 10DECK SCRUB BRUSH PALMY,2010-12,BIRDWELL CLEANING,
075155020111,2011 10 TAMPICO DECK SCRUB,2011-12,BIRDWELL CLEANING,
075155020265,2026 24BLK TMP PUSHBROOM HEAD,2026-12,BIRDWELL CLEANING,
075155002339,233 BOTTLE BRUSH,233-48,BIRDWELL CLEANING,
075155002520,252 TILE/GROUT BRUSH,252-60,BIRDWELL CLEANING,
075155003152,315 ECONOMY BROOM,315-6,BIRDWELL CLEANING,
075155003176,317 ANGLE CUT BROOM,317-6,BIRDWELL CLEANING,
075155003183,318 INDOOR/OUTDOOR BROOM,318-4,BIRDWELL CLEANING,
075155003244,324 100 CORN BROOM,324-4,BIRDWELL CLEANING,
075155003589,358 RUB PAD SCOURING PAD,358-36,BIRDWELL CLEANING,
075155003619,361 COPPER BRIGHT SCOUR,361-36,BIRDWELL CLEANING,
075155003671,367 STEEL BRIGHT,367-36,BIRDWELL CLEANING,
075155003695,369 KITCHEN SCRUB,369-48,BIRDWELL CLEANING,
075155003718,371 ALL-COTTON DISH CLOTH,371-72,BIRDWELL CLEANING,
075155003725,372 MESH DISH CLOTH,372-48,BIRDWELL CLEANING,
075155003787,378 CORN WHISK BROOM,378-24,BIRDWELL CLEANING,
075155040201,4020 18 BLK TAMP W/HANDLE,4020-4,BIRDWELL CLEANING,
075155040218,4021 18 HD POLY PUSHBROOM  H,4021-4,BIRDWELL CLEANING,
075155004708,470 PALMYRA SCRUB BRUSH,470-48,BIRDWELL CLEANING,
075155004715,471 SCRUB BRUSH TAMPICO,471-48,BIRDWELL CLEANING,
075155004746,474 POWER SCRUB,474-48,BIRDWELL CLEANING,
075155004753,475-6 FL CARPET SCRUB W/HANDLE,475-6,BIRDWELL CLEANING,
075155004821,482 MINI WELDERS BRUSH S STEEL,482-100,BIRDWELL CLEANING,
075155005002,500 CLAMP MOP HANDLE,500-12,BIRDWELL CLEANING,
075155050248,5024-4 24 PALMYRA CONT.BROOM,5024-4,BIRDWELL CLEANING,
075155005071,507 THE PATROIT MOP COTTON,507-8,BIRDWELL CLEANING,
075155005088,508 MILADYS MOP,508-8,BIRDWELL CLEANING,
075155005149,514 MITT DUST MOP,514-6,BIRDWELL CLEANING,
075155005187,518 54 WOOD THREAD HANDLE,518-12,BIRDWELL CLEANING,
075155005194,519 60SNAP ON DUST MOP HANDLE,519-12,BIRDWELL CLEANING,
075155005279,527 MOP STICK,527-12,BIRDWELL CLEANING,
075155005354,535-12 HANDLE MOP QC PLASTIC,535-12,BIRDWELL CLEANING,
075155000540,54 FLYSWATTER,54-288,BIRDWELL CLEANING,
075155005453,545 DYNAMIC AUTOMATIC SPNG MOP,545-6,BIRDWELL CLEANING,
075155007013,701 LATEX GLOVE SMALL,701-72,BIRDWELL CLEANING,
075155007020,702 LATEX GLOVE MEDIUM,702-72,BIRDWELL CLEANING,
