CASH,AMSTERDAM STORE,NONE,NONE,NewCustomer,11/19/20,7:28:55 AM,
ALITA,ALITA PARHAM,+1 718 925 1254,ALITA1@ICLOUD.COM,NewCustomer,11/19/20,09:07:15 PM,
KEVIN,KEVIN HART,NONE,NONE,NewCustomer,11/20/20,12:45:25 PM,
AALIYAH,AALIYAH PARHAM,NONE,NONE,NewCustomer,11/22/20,10:33:00 PM,
BRIANT,BRIANT GUZMAN,+1 646 460 5353,BriantGuzman@gmail.com,NewCustomer,12/17/20,02:39:13 PM,joe,joe,joe,joe,NewCustomer,4/12/21,06:28:09 PM,
BRANDON,BRANDON LORA,6464605353,BLORA@GMAIL.COM,NewCustomer,12/3/22,07:48:09 AM,
